descriptor,category,samples
2D iron-tetracyanoquinodimethane,FeTCNQ,1
6: other sample process info,hammer and anvil method,1
AC/QC type,IQC,681
AC/QC type,IAC,278
AC/QC type,DQC,27
AC/QC type,DAC,18
AC/QC type,other,15
AC/QC type,both DQC and IQC,5
AC/QC type,crystal,3
AC/QC type,amorphous,3
AbsoluteDensity,g/cm^3,118
AbsoluteDensity,kg/m^3,15
Anode active material,Li|Lithium metal,9235
Anode active material,Mg|Magnesium metal,2337
Anode active material,Alloy,160
Anode active material,Zn|Zinc metal,109
Anode active material,Al|Aluminum metal,87
Anode active material,Na|Sodium metal,72
Anode active material,Organic compounds,36
Anode active material,K|Potassium metal,34
Anode active material,Sn|Tin,24
Anode active material,Gr|Graphite,21
Anode active material,Bi|Bismuth,20
Anode active material,Metal,12
Anode active material,Sb|Antimony,10
Anode active material,Lithium alloy,5
Anode active material,Ca|Calcium metal,2
Anode active material,SiOx|Silicon Oxide,1
Anode additive 1,rGO|Reduced graphene oxide,83
Anode additive 1,Carbon material,60
Anode additive 1,Graphene,50
Anode additive 1,N-doped carbon|Nitrogen-doped carbon,25
Anode additive 1,Selenide,24
Anode additive 1,GO|Graphene oxide,20
Anode additive 1,Metal,18
Anode additive 1,CF|CNF|Carbon fiber|Carbon nanofiber,15
Anode additive 1,MoS2,14
Anode additive 1,Sulfide,14
Anode additive 1,VS2,11
Anode additive 1,Nitrogen-doped carbon nanofiber,10
Anode additive 1,Alloy,10
Anode additive 1,Ti3C2|Ti2C|MXene,9
Anode additive 1,Co,8
Anode additive 1,Co3Se4,7
Anode additive 1,Modified,5
Anode additive 1,Nitrogen-doped graphene,4
Anode additive 1,VO2,4
Anode additive 1,Oxide,4
Anode additive 1,CNT|Carbon nanotube,1
Anode additive 1,Phosphide,1
Anode additive 1,TiO2,1
Anode additive 1,ZnS,1
Anode additive 2,Co,15
Anode additive 2,CNT|Carbon nanotube,4
Anode additive 2,Nitride,4
Anode additive 2,Nitrogen-doped graphene,1
Anode additive 2,Ag,1
Anode areal capacity,mAh*cm^(-2),2118
Anode binder 1,PVDF|Polyvinylidene difluoride,697
Anode binder 1,CMC|Carboxyl methyl cellulose,536
Anode binder 1,SA|Sodium alginate,71
Anode binder 1,PTFE|Polytetrafluoroethylene,34
Anode binder 1,PAA|Polyacrylic acid,15
Anode binder 2,SBR|Styrene butadien rubber,21
Anode conductive agent,Super P,647
Anode conductive agent,CB|Carbon black,372
Anode conductive agent,AB|Acetylene black,269
Anode conductive agent,KB|Ketjen black,17
Anode conductive agent,MWCNT|MWNT|Multi wall carbon nanotube,14
Anode conductive agent,CNT|Carbon nanotube,2
Anode current collector,Cu|Copper,1871
Anode current collector,SUS|SS|Stainless Steel,103
Anode current collector,Al|Aluminum,62
Anode current collector,Ni|Nickel,7
Anode current collector,Na|Sodium,1
Applied field,-,9
Cathode active material,S|S8|Sulfur|Sublimated sulfur,4481
Cathode active material,PANS|SPAN|Polyacrylonitrile sulfur,800
Cathode active material,LFP|Lithium iron phosphate,769
Cathode active material,O2,508
Cathode active material,NMC811,292
Cathode active material,Organic compounds,287
Cathode active material,Mo6S8|Molybdenum sulfide,174
Cathode active material,CuS|Copper sulfide,165
Cathode active material,V2O5|Vanadium oxide,149
Cathode active material,MoS2|Molybdenum sulfide,136
Cathode active material,VS4|Vanadium sulfide,119
Cathode active material,LCO|Lithium cobalt oxide,114
Cathode active material,NMC622,93
Cathode active material,CuSe|Copper selenide,91
Cathode active material,MnO2|Manganese oxide,89
Cathode active material,VOx|Vanadium oxide,87
Cathode active material,Gr|Graphite,67
Cathode active material,Mexene,65
Cathode active material,Mn2O4|Manganese oxide,57
Cathode active material,NMC532,56
Cathode active material,Other NMC,48
Cathode active material,MPO4|Phosphate,48
Cathode active material,LTO|Lithium titanate,47
Cathode active material,Cu2Se|Copper selenide,42
Cathode active material,Na compounds,37
Cathode active material,CoS|Cobalt sulfide,35
Cathode active material,TiO2|Titanium oxide,32
Cathode active material,NCA,29
Cathode active material,FeS2|Iron sulfide,23
Cathode active material,Se|selenium,20
Cathode active material,CO2,20
Cathode active material,O2|Oxygen,18
Cathode active material,NVPF|Na3V2(PO4)2F3,18
Cathode active material,CoSe2|Cobalt selenide,13
Cathode active material,LMO|Lithium manganese oxide (LiMn2O4),11
Cathode active material,MSiO4|Silicate,11
Cathode active material,Cu3Se2|Copper selenide,10
Cathode active material,WSe2|Tungsten selenide,10
Cathode active material,MoO3|Molybdenum oxide,9
Cathode active material,NMC333,8
Cathode active material,LNO|Lithium nickel oxide,8
Cathode active material,BaTiO3|Barium titanate,8
Cathode active material,MVO4|Vanadate,7
Cathode active material,PB|Prussian blue,7
Cathode active material,Organosulfur|Organic sulfur compounds,6
Cathode active material,NMC87,6
Cathode active material,MNO|LMNO|Lithium manganase nickel oxide,5
Cathode active material,TiSe2|Titanium selenide,4
Cathode active material,MNO|LMNO|Lithium manganese nickel oxide,4
Cathode active material,TiS2|Titanium sulfide,4
Cathode active material,MoS3|Molybdenum sulfide,4
Cathode active material,Ar,1
Cathode additive 1,Carbon material,1335
Cathode additive 1,CNT|Carbon nanotube,401
Cathode additive 1,rGO|Reduced graphene oxide,242
Cathode additive 1,N-doped carbon|Nitrogen-doped carbon,215
Cathode additive 1,Graphene,181
Cathode additive 1,Oxide,173
Cathode additive 1,CF|CNF|Carbon fiber|Carbon nanofiber,134
Cathode additive 1,TiO2,117
Cathode additive 1,Sulfide,109
Cathode additive 1,Co,93
Cathode additive 1,MWCNT|MWNT|Multi wall carbon nanotube,72
Cathode additive 1,Metal,72
Cathode additive 1,Nitrogen-doped graphene,65
Cathode additive 1,MnO2,61
Cathode additive 1,GO|Graphene oxide,58
Cathode additive 1,Ti3C2|Ti2C|MXene,56
Cathode additive 1,Graphite,55
Cathode additive 1,Modified,45
Cathode additive 1,Selenide,43
Cathode additive 1,Ni,33
Cathode additive 1,Nitrogen-doped carbon nanotube,31
Cathode additive 1,Organic,31
Cathode additive 1,NiO,28
Cathode additive 1,Carbide,28
Cathode additive 1,Ti4O7,27
Cathode additive 1,MoS2,20
Cathode additive 1,Fe,20
Cathode additive 1,ZnS,20
Cathode additive 1,Mn3O4,19
Cathode additive 1,Alloy,19
Cathode additive 1,TiN,17
Cathode additive 1,Mo2C,16
Cathode additive 1,Nitrogen-doped carbon nanofiber,14
Cathode additive 1,Co3O4,13
Cathode additive 1,VN,11
Cathode additive 1,Boride,11
Cathode additive 1,ZnO,11
Cathode additive 1,Zn,10
Cathode additive 1,Mo,10
Cathode additive 1,CeO2,9
Cathode additive 1,V,9
Cathode additive 1,Phosphide,8
Cathode additive 1,WO3,7
Cathode additive 1,SWCNT|SWNT|Single wall carbon nanotube,6
Cathode additive 1,Co9S8,6
Cathode additive 1,WS2,6
Cathode additive 1,Nitride,5
Cathode additive 1,La,5
Cathode additive 1,Mg,5
Cathode additive 1,VS2,4
Cathode additive 1,TiO,4
Cathode additive 1,B-doped carbon|Boron-doped carbon,4
Cathode additive 1,VO2,3
Cathode additive 1,Ti,3
Cathode additive 1,TiB2,2
Cathode additive 1,Boron-doped carbon nanotube,2
Cathode additive 1,CoP,2
Cathode additive 1,Co4N,2
Cathode additive 1,P-doped carbon|Phosphorus-doped carbon,2
Cathode additive 1,La2O3,2
Cathode additive 1,Mn,1
Cathode additive 1,Fe2O3,1
Cathode additive 2,CNT|Carbon nanotube,33
Cathode additive 2,Carbon material,24
Cathode additive 2,CF|CNF|Carbon fiber|Carbon nanofiber,20
Cathode additive 2,Graphene,19
Cathode additive 2,Co,18
Cathode additive 2,N-doped carbon|Nitrogen-doped carbon,16
Cathode additive 2,Sulfide,15
Cathode additive 2,Oxide,12
Cathode additive 2,Graphite,10
Cathode additive 2,rGO|Reduced graphene oxide,10
Cathode additive 2,Nitrogen-doped graphene,8
Cathode additive 2,Carbide,7
Cathode additive 2,Modified,7
Cathode additive 2,Co3O4,5
Cathode additive 2,Metal,4
Cathode additive 2,TiN,3
Cathode additive 2,Nitride,3
Cathode additive 2,MoS2,2
Cathode additive 2,TiO2,1
Cathode areal density (cathode loading),mg*cm^(-2),7195
Cathode binder 1,PVDF|Polyvinylidene difluoride,6305
Cathode binder 1,PTFE|Polytetrafluoroethylene,747
Cathode binder 1,CMC|Carboxyl methyl cellulose,607
Cathode binder 1,LA 133,210
Cathode binder 1,PAA|Polyacrylic acid,109
Cathode binder 1,LA-132,61
Cathode binder 1,SA|Sodium alginate,36
Cathode binder 1,guar binder,30
Cathode binder 1,SBR|Styrene butadien rubber,28
Cathode binder 1,PVP|Polyvinyl pyrrolidone,12
Cathode binder 1,PANI|Polyaniline,5
Cathode binder 1,PBI|Stacked perylene bisimide,4
Cathode binder 1,PEDOT|Polyethylene dioxy thiophene,4
Cathode binder 1,PEI|Polyethylenimin,3
Cathode binder 1,PEO|Polyethylene oxide,1
Cathode binder 2,SBR|Styrene butadien rubber,291
Cathode binder 2,CMC|Carboxyl methyl cellulose,30
Cathode binder 2,guar binder,27
Cathode binder 2,PAA|Polyacrylic acid,10
Cathode binder 2,SBR|Styrene butadiene rubber,6
Cathode binder 2,PSS|Polystyrenesulfonate,4
Cathode binder 2,PVDF|Polyvinylidene difluoride,1
Cathode conductive agent,Super P,3316
Cathode conductive agent,CB|Carbon black,2293
Cathode conductive agent,AB|Acetylene black,1192
Cathode conductive agent,KB|Ketjen black,820
Cathode conductive agent,CNT|Carbon nanotube,270
Cathode conductive agent,MWCNT|MWNT|Multi wall carbon nanotube,178
Cathode conductive agent,Ketjen EC-600 JD,28
Cathode conductive agent,Vulcan XC-72,19
Cathode conductive agent,CF|CNF|Carbon fiber/Carbon nanofiber,14
Cathode conductive agent,CNovel,11
Cathode conductive agent,MPC|Mesoporous carbon,10
Cathode conductive agent,AC|Activated carbon,9
Cathode conductive agent,Black Pearl 2000,8
Cathode conductive agent,Porous carbon,5
Cathode conductive agent,Ketjen EC-300 J,5
Cathode conductive agent,Shawinigan Black,4
Cathode conductive agent,SWCNT|SWNT|Single wall carbon nanotube,4
Cathode conductive agent,CMK-3,2
Cathode conductive agent,graphene,1
Cathode current collector,Al,1422
Cell type,Mg|other full cell,1711
Cell type,Li|Cu half cell,1078
Cell type,Li|Li symmetric cell,992
Cell type,Li|LFP full cell,587
Cell type,Li|NMC full cell,329
Cell type,Mg|other half cell,252
Cell type,CV,234
Cell type,LSV,134
Cell type,Li|Other half cell,105
Cell type,Mg|Mg symmetric cell,88
Cell type,Mg|Cu half cell,67
Cell type,Li|LCO full cell,52
Cell type,Li|NCA full cell,16
Cell type,Mg|SS half cell,6
Cell type,Li|LMO full cell,5
Cell type,Li|Ni half cell,4
Cell type,Li|SS half cell,2
Composition conversion,formula unit,2
Coulombic efficiency,%,355
Counter electrode,Na|Sodium,1114
Counter electrode,Mg|Magnesium,657
Counter electrode,Li|Lithium,64
Counter electrode,Cu|Copper,24
Current density,mA*cm^(-2),2344
DataType,Experiment,47185
DataType,Reference,648
DataType,Unknown,170
DataType,NeedCheck,13
DataType,Other,11
Differential thermal analyzer,Specific heat capacity,3
DifferentialThermalAnalyzer,Specific heat capacity,21
ElectricalMeasurement,SteadyState+4P,10866
ElectricalMeasurement,Other,1008
ElectricalMeasurement,PPMS-TTO,860
ElectricalMeasurement,SteadyState+vdP,440
ElectricalMeasurement,SteadyState+2P,272
ElectricalMeasurement,MicroProbe,186
ElectricalMeasurement,PPMS,149
ElectricalMeasurement,Harman,35
Electrolyte additive 1,LiNO3|Lithium nitrate,1624
Electrolyte additive 1,FEC|Fluoro ethylene carbonate,880
Electrolyte additive 1,VC|Vinylene carbonate,93
Electrolyte additive 1,FEC|Fuluoro ethylene carbonate,91
Electrolyte additive 1,Li2S8|Lithium octasulfide,14
Electrolyte additive 1,MgCl2|Magnesium chloride,14
Electrolyte additive 1,LiTfO|Lithium triflate|Lithium Trifluoromethanesulfonate,10
Electrolyte additive 1,MgHMDS2|Magnesium bis(hexamethyldisilazido),10
Electrolyte additive 1,"1,2-dfBen | 1,2-Difluorobenzene",8
Electrolyte additive 1,GA | glutaric anhydride,6
Electrolyte additive 1,"PS|1,3-propane sultone",6
Electrolyte additive 1,LiPS|Lithium polysulfide,5
Electrolyte additive 1,Mg(TFSI)2|Magnesium(II) Bis(trifluoromethanesulfonyl)imide,5
Electrolyte additive 1,APFA|ammonium perfluoro(2-methyl-3-oxahexanoate),4
Electrolyte additive 1,LiBOB|Lithium bis(oxalato)borate,3
Electrolyte additive 1,LiTFSI|LiTFSA|Lithium Bis(trifluoromethanesulfonyl)imide,2
Electrolyte additive 2,LiNO3|Lithium nitrate,14
Electrolyte additive 2,Li2S8|Lithium octasulfide,10
Electrolyte additive 2,LiBOB|Lithium bis(oxalato)borate,3
Electrolyte additive 2,VC|Vinylene carbonate,2
Electrolyte additive 2,FEC|Fluoro ethylene carbonate,1
FabricationProcess,PressureSintering,5317
FabricationProcess,Melting,5199
FabricationProcess,Sintering,3578
FabricationProcess,Other,3347
FabricationProcess,MechanicalAlloying,3073
FabricationProcess,FilmGrowth,2677
FabricationProcess,Sol-gel,2064
FabricationProcess,MeltGrowth,1108
FabricationProcess,HighPressureSynthesis,967
FabricationProcess,SoftChemical,803
FabricationProcess,MeltQuench,537
FabricationProcess,Hydrothermal,533
FabricationProcess,co-precipitation,406
FabricationProcess,FluxGrowth,350
FabricationProcess,VaporGrowth,331
FabricationProcess,Organic,311
FabricationProcess,Unknown,232
FabricationProcess,Calcination,109
FabricationProcess,Drop casting,104
FabricationProcess,HotDeformed,62
FabricationProcess,Pressing,39
FabricationProcess,solution combustion,26
FabricationProcess,Cold pressing,16
FabricationProcess,StripCast,15
FabricationProcess,Solvothermal,14
FabricationProcess,Thermal decomposition,10
FabricationProcess,microemulsion,9
FabricationProcess,solvothermal,8
FabricationProcess,flux,8
FabricationProcess,HDDR,6
FabricationProcess,Electrolysis,6
FabricationProcess,pyrolysis,4
FabricationProcess,SolutionGrowth,2
FabricationProcess 2,Sintering,1307
FabricationProcess 2,Organic,90
FabricationProcess 2,PressureSintering,71
FabricationProcess 2,MechanicalAlloying,44
FabricationProcess 2,Pressing,28
FabricationProcess 2,Drop casting,24
FabricationProcess 2,Calcination,21
FabricationProcess 2,FilmGrowth,16
FabricationProcess 2,HotDeformed,11
FabricationProcess 2,Melting,11
FabricationProcess 2,FluxGrowth,7
FabricationProcess 2,VaporGrowth,6
FabricationProcess 2,Other,5
FabricationProcess 2,MeltQuench,5
FabricationProcess 2,MeltGrowth,4
FabricationProcess 2,Cold pressing,2
FabricationProcess 3,Melting,29
FabricationProcess 3,Sintering,10
FabricationProcess 3,PressureSintering,8
FabricationProcess 3,Other,4
FabricationProcess 3,Pressing,4
Form,Bulk,18151
Form,Powder,6345
Form,Film,3681
Form,pellets,2692
Form,SingleCrystal,1935
Form,Ribbon,1500
Form,Unknown,1333
Form,Polycrystal,886
Form,rod-shaped,723
Form,Plate,425
Form,Other,407
Form,EpitaxialFilm,244
Form,disk,218
Form,Wire,190
Form,Rod,106
Form,Bonded,101
Form,cylinder,79
Form,OrientedBulk,78
Form,Device,69
Form,disc,61
Form,Composite,51
Form,toroid,49
Form,compact,45
Form,Coating,43
Form,fibers,41
Form,Module,38
Form,tablet,35
Form,button,31
Form,multilayer film,27
Form,Aerogel,17
Form,block,13
Form,Sheet,12
Form,thin slices,10
Form,small pieces,10
Form,FoamedBulk,6
Form,Nanotubes,5
Form,ring,4
Grain size,few millimters,1
Grain size,Few micrometers,1
GrainSize,um,353
GrainSize,nm,347
GrainSize,10nm,211
GrainSize,100nm,152
GrainSize,1um,131
GrainSize,mm,105
GrainSize,Unknown,91
GrainSize,10um,55
GrainSize,100um,30
GrainSize,1mm,11
LaserFlash,thermal diffusivity,16
Lower voltage limit,V,3012
MagneticMeasurement,VSM,8995
MagneticMeasurement,SQUID,3480
MagneticMeasurement,PPMS,1855
MagneticMeasurement,Unknown,774
MagneticMeasurement,MPMS,597
MagneticMeasurement,Other,272
MagneticMeasurement,BH-tracer,44
MagneticMeasurement,PulseBH-tracer,29
MagneticMeasurement,PFM,16
MagneticMeasurement,AGM,13
MagneticMeasurement,AGFM,4
Material Family,Oxide,24
Material Family,Sulfide,3
Material Family,Layered Bi2Se3 Nanoplate/Polyvinylidene Fluoride,1
Material Family,Cu2Se,1
Material Family,Pyrite,1
Material Family,Aluminide,1
Material family,InGaZnO,3
Material family,SiGe,1
Material family,Oxides,1
MaterialFamily,Perovskite,2419
MaterialFamily,Bi2Te3,1890
MaterialFamily,Oxide,1805
MaterialFamily,Skutterudite,1738
MaterialFamily,Half-Heusler,1283
MaterialFamily,PbTe,1059
MaterialFamily,Cobaltite,1047
MaterialFamily,Polymer,967
MaterialFamily,Telluride,930
MaterialFamily,Heavy-Fermion,886
MaterialFamily,Alloy,885
MaterialFamily,Antimonide,872
MaterialFamily,Selenide,851
MaterialFamily,Sulfide,703
MaterialFamily,Mg2Si,689
MaterialFamily,Silicide,599
MaterialFamily,Chalcogenide,581
MaterialFamily,Clathrate,515
MaterialFamily,ZnO,339
MaterialFamily,Zintl,306
MaterialFamily,Heusler,266
MaterialFamily,Si/Ge,174
MaterialFamily,Metal,172
MaterialFamily,Organic,168
MaterialFamily,Si,137
MaterialFamily,SnSe,127
MaterialFamily,Boron,51
MaterialFamily,Carbide,47
MaterialFamily,Chalcopyrite,46
MaterialFamily,Germinide,46
MaterialFamily,Graphene,33
MaterialFamily,Silicon carbide,33
MaterialFamily,SiGe,27
MaterialFamily,Phosphide,24
MaterialFamily,Nitride,22
MaterialFamily,d-silicide,9
MaterialFamily,Aluminide,9
MaterialFamily,Stannite,7
MaterialFamily,Chevrel phase,7
MaterialFamily,Argyrodite,7
MaterialFamily,Germanide,5
MaterialFamily,Ceramics,4
MaterialFamily,tetrahedrites,4
MaterialFamily,Ruthenates,4
MaterialFamily,Iron pnictides,3
MaterialFamily,diamondlike structure,3
MaterialFamily,Borom,3
MaterialFamily,Borocarbonitride,2
MaterialFamily,Tetrahedrite,2
MaterialFamily,Graphite Intercalation Compounds,2
MaterialFamily,Half-metals,1
MaterialFamily,Tl4TiS4,1
MaterialFamily,Sb2Te3(GeTe)17,1
MaterialFarmily,Zintl,1
MaterialFarmily,Selenide,1
Materials family,SiGe,1
MaterialsFamily,Zintl,1
MaterialsFamily,Ceramics,1
Maximum power,0.14 watt,1
Maximum power,0.14 Watt,1
Measurement axis,c,2
Measurement temperature,room,4387
Measurement temperature,300,1386
Measurement temperature,5,520
Measurement temperature,10,435
Measurement temperature,100,264
Measurement temperature,200,217
Measurement temperature,2,145
Measurement temperature,50,103
Measurement temperature,20,101
Measurement temperature,150,95
Measurement temperature,250,93
Measurement temperature,290,67
Measurement temperature,220,64
Measurement temperature,4,62
Measurement temperature,210,61
Measurement temperature,270,56
Measurement temperature,280,56
Measurement temperature,295,54
Measurement temperature,240,54
Measurement temperature,180,51
Measurement temperature,260,51
Measurement temperature,60,50
Measurement temperature,400,49
Measurement temperature,3,47
Measurement temperature,320,47
Measurement temperature,30,45
Measurement temperature,230,45
Measurement temperature,80,44
Measurement temperature,350,44
Measurement temperature,40,43
Measurement temperature,8,43
Measurement temperature,15,42
Measurement temperature,330,42
Measurement temperature,310,42
Measurement temperature,4.2,41
Measurement temperature,160,39
Measurement temperature,190,33
Measurement temperature,25,32
Measurement temperature,16,32
Measurement temperature,6,31
Measurement temperature,170,30
Measurement temperature,12,29
Measurement temperature,7,29
Measurement temperature,305,28
Measurement temperature,120,28
Measurement temperature,275,28
Measurement temperature,293,26
Measurement temperature,70,26
Measurement temperature,340,26
Measurement temperature,14,26
Measurement temperature,18,26
Measurement temperature,215,26
Measurement temperature,140,25
Measurement temperature,265,25
Measurement temperature,255,24
Measurement temperature,245,24
Measurement temperature,225,24
Measurement temperature,205,24
Measurement temperature,285,24
Measurement temperature,360,24
Measurement temperature,85,21
Measurement temperature,110,21
Measurement temperature,315,21
Measurement temperature,195,20
Measurement temperature,291,20
Measurement temperature,24,20
Measurement temperature,325,19
Measurement temperature,298,19
Measurement temperature,45,19
Measurement temperature,125,18
Measurement temperature,292,18
Measurement temperature,90,18
Measurement temperature,130,18
Measurement temperature,235,18
Measurement temperature,370,17
Measurement temperature,75,17
Measurement temperature,35,17
Measurement temperature,500,16
Measurement temperature,95,16
Measurement temperature,115,16
Measurement temperature,204,16
Measurement temperature,208,16
Measurement temperature,390,16
Measurement temperature,unknown,16
Measurement temperature,345,16
Measurement temperature,175,15
Measurement temperature,55,15
Measurement temperature,38,15
Measurement temperature,65,15
Measurement temperature,105,15
Measurement temperature,318,15
Measurement temperature,272,15
Measurement temperature,77,14
Measurement temperature,4.5,14
Measurement temperature,246,14
Measurement temperature,216,14
Measurement temperature,165,14
Measurement temperature,198,14
Measurement temperature,236,14
Measurement temperature,36,14
Measurement temperature,145,13
Measurement temperature,218,13
Measurement temperature,185,13
Measurement temperature,335,13
Measurement temperature,214,13
Measurement temperature,348,13
Measurement temperature,28,13
Measurement temperature,336,13
Measurement temperature,278,13
Measurement temperature,600,12
Measurement temperature,288,12
Measurement temperature,135,12
Measurement temperature,206,12
Measurement temperature,266,12
Measurement temperature,294,12
Measurement temperature,192,12
Measurement temperature,196,12
Measurement temperature,302,12
Measurement temperature,342,12
Measurement temperature,324,12
Measurement temperature,473,11
Measurement temperature,380,11
Measurement temperature,312,11
Measurement temperature,155,11
Measurement temperature,323,11
Measurement temperature,333,11
Measurement temperature,234,11
Measurement temperature,212,11
Measurement temperature,258,11
Measurement temperature,262,11
Measurement temperature,202,11
Measurement temperature,273,11
Measurement temperature,339,11
Measurement temperature,22,11
Measurement temperature,26,11
Measurement temperature,573.15,10
Measurement temperature,773,10
Measurement temperature,308,10
Measurement temperature,284,10
Measurement temperature,296,10
Measurement temperature,276,10
Measurement temperature,286,10
Measurement temperature,213,10
Measurement temperature,252,10
Measurement temperature,268,10
Measurement temperature,254,10
Measurement temperature,306,10
Measurement temperature,314,10
Measurement temperature,232,10
Measurement temperature,32,10
Measurement temperature,326,10
Measurement temperature,274,10
Measurement temperature,34,10
Measurement temperature,297,9
Measurement temperature,375,9
Measurement temperature,226,9
Measurement temperature,174,9
Measurement temperature,299,9
Measurement temperature,194,9
Measurement temperature,303,9
Measurement temperature,282,9
Measurement temperature,328,9
Measurement temperature,322,9
Measurement temperature,1.8,9
Measurement temperature,287,8
Measurement temperature,2.1,8
Measurement temperature,222,8
Measurement temperature,423,8
Measurement temperature,228,8
Measurement temperature,224,8
Measurement temperature,256,8
Measurement temperature,369,8
Measurement temperature,321,8
Measurement temperature,264,8
Measurement temperature,248,8
Measurement temperature,242,8
Measurement temperature,973,8
Measurement temperature,188,8
Measurement temperature,366,8
Measurement temperature,351,8
Measurement temperature,332,8
Measurement temperature,221,8
Measurement temperature,673.15,7
Measurement temperature,450,7
Measurement temperature,316,7
Measurement temperature,177,7
Measurement temperature,201,7
Measurement temperature,283,7
Measurement temperature,9,7
Measurement temperature,199,7
Measurement temperature,673,7
Measurement temperature,173,7
Measurement temperature,11,7
Measurement temperature,17,7
Measurement temperature,238,7
Measurement temperature,244,7
Measurement temperature,363,7
Measurement temperature,354,7
Measurement temperature,338,7
Measurement temperature,873.15,6
Measurement temperature,700,6
Measurement temperature,800,6
Measurement temperature,304,6
Measurement temperature,186,6
Measurement temperature,623,6
Measurement temperature,176,6
Measurement temperature,183,6
Measurement temperature,168,6
Measurement temperature,313,6
Measurement temperature,237,6
Measurement temperature,217,6
Measurement temperature,27,6
Measurement temperature,384,6
Measurement temperature,387,6
Measurement temperature,372,6
Measurement temperature,378,6
Measurement temperature,381,6
Measurement temperature,396,6
Measurement temperature,357,6
Measurement temperature,203,6
Measurement temperature,42,6
Measurement temperature,365,6
Measurement temperature,253,6
Measurement temperature,309,6
Measurement temperature,773.15,5
Measurement temperature,2.5,5
Measurement temperature,723.15,5
Measurement temperature,277,5
Measurement temperature,219,5
Measurement temperature,13,5
Measurement temperature,311,5
Measurement temperature,223,5
Measurement temperature,211,5
Measurement temperature,573,5
Measurement temperature,21,5
Measurement temperature,33,5
Measurement temperature,249,5
Measurement temperature,233,5
Measurement temperature,243,5
Measurement temperature,182,5
Measurement temperature,393,5
Measurement temperature,281,5
Measurement temperature,179,5
Measurement temperature,197,5
Measurement temperature,187,5
Measurement temperature,259,5
Measurement temperature,355,5
Measurement temperature,327,5
Measurement temperature,334,5
Measurement temperature,650,4
Measurement temperature,550,4
Measurement temperature,ZFC,4
Measurement temperature,FC,4
Measurement temperature,353,4
Measurement temperature,341,4
Measurement temperature,523,4
Measurement temperature,189,4
Measurement temperature,162,4
Measurement temperature,207,4
Measurement temperature,343,4
Measurement temperature,289,4
Measurement temperature,4.3,4
Measurement temperature,191,4
Measurement temperature,227,4
Measurement temperature,1073,4
Measurement temperature,19,4
Measurement temperature,23,4
Measurement temperature,247,4
Measurement temperature,239,4
Measurement temperature,317,4
Measurement temperature,385,4
Measurement temperature,373,4
Measurement temperature,301,4
Measurement temperature,279,4
Measurement temperature,263,4
Measurement temperature,346,4
Measurement temperature,261,4
Measurement temperature,1173,4
Measurement temperature,750,3
Measurement temperature,166,3
Measurement temperature,3.5,3
Measurement temperature,171,3
Measurement temperature,231,3
Measurement temperature,900,3
Measurement temperature,29,3
Measurement temperature,31,3
Measurement temperature,39,3
Measurement temperature,172,3
Measurement temperature,178,3
Measurement temperature,184,3
Measurement temperature,329,3
Measurement temperature,267,3
Measurement temperature,271,3
Measurement temperature,78,3
Measurement temperature,133,3
Measurement temperature,151,3
Measurement temperature,193,3
Measurement temperature,251,3
Measurement temperature,923,3
Measurement temperature,873,3
Measurement temperature,823,3
Measurement temperature,430,2
Measurement temperature,475,2
Measurement temperature,525,2
Measurement temperature,575,2
Measurement temperature,675,2
Measurement temperature,425,2
Measurement temperature,625,2
Measurement temperature,725,2
Measurement temperature,7.5,2
Measurement temperature,347,2
Measurement temperature,368,2
Measurement temperature,146,2
Measurement temperature,973.15,2
Measurement temperature,138,2
Measurement temperature,141,2
Measurement temperature,144,2
Measurement temperature,159,2
Measurement temperature,147,2
Measurement temperature,153,2
Measurement temperature,61,2
Measurement temperature,98,2
Measurement temperature,104,2
Measurement temperature,331,2
Measurement temperature,356,2
Measurement temperature,364,2
Measurement temperature,41,2
Measurement temperature,164,2
Measurement temperature,209,2
Measurement temperature,390K,2
Measurement temperature,307,2
Measurement temperature,181,2
Measurement temperature,269,2
Measurement temperature,337,2
Measurement temperature,167,2
Measurement temperature,137,2
Measurement temperature,143,2
Measurement temperature,163,2
Measurement temperature,169,2
Measurement temperature,319,2
Measurement temperature,344,2
Measurement temperature,86,2
Measurement temperature,108,2
Measurement temperature,48,2
Measurement temperature,307.5,2
Measurement temperature,44,2
Measurement temperature,818,2
Measurement temperature,903,2
Measurement temperature,933,2
Measurement temperature,1013,2
Measurement temperature,1053,2
Measurement temperature,1213,2
Measurement temperature,1273,2
Measurement temperature,723,2
Measurement temperature,132.82,1
Measurement temperature,77.3,1
Measurement temperature,573.3,1
Measurement temperature,191.74,1
Measurement temperature,4.47,1
Measurement temperature,24.82,1
Measurement temperature,60.45,1
Measurement temperature,229,1
Measurement temperature,156,1
Measurement temperature,134,1
Measurement temperature,69,1
Measurement temperature,81,1
Measurement temperature,101,1
Measurement temperature,29.99,1
Measurement temperature,374,1
Measurement temperature,si unit.,1
Measurement temperature,47,1
Measurement temperature,51,1
Measurement temperature,53,1
Measurement temperature,37,1
Measurement temperature,67,1
Measurement temperature,49,1
Measurement temperature,57,1
Measurement temperature,59,1
Measurement temperature,43,1
Measurement temperature,63,1
Measurement temperature,241,1
Measurement temperature,379,1
Measurement temperature,382,1
Measurement temperature,376,1
Measurement temperature,349,1
Measurement temperature,410,1
Measurement temperature,332.8,1
Measurement temperature,149,1
Measurement temperature,157,1
Measurement temperature,161,1
Measurement temperature,131,1
Measurement temperature,139,1
Measurement temperature,21.5,1
Measurement temperature,11.3,1
Measurement temperature,34.7,1
Measurement temperature,358,1
Measurement temperature,399,1
Measurement temperature,352,1
Measurement temperature,362,1
Measurement temperature,257,1
Measurement temperature,142,1
Measurement temperature,136,1
Measurement temperature,88,1
Measurement temperature,96,1
Measurement temperature,102,1
Measurement temperature,112,1
Measurement temperature,116,1
Measurement temperature,92,1
Measurement temperature,94,1
Measurement temperature,106,1
Measurement temperature,114,1
Measurement temperature,118,1
Measurement temperature,405,1
Measurement temperature,312.5,1
Measurement temperature,302.5,1
Measurement temperature,297.5,1
Measurement temperature,292.5,1
Measurement temperature,158,1
Measurement temperature,46,1
Measurement temperature,107,1
Measurement temperature,109,1
Measurement temperature,117,1
Measurement temperature,121,1
Measurement temperature,129,1
Measurement temperature,64,1
Measurement temperature,68,1
Measurement temperature,72,1
Measurement temperature,76,1
Measurement temperature,82,1
Measurement temperature,111,1
Measurement temperature,113,1
Measurement temperature,74,1
Measurement temperature,52,1
Measurement temperature,943,1
Measurement temperature,62,1
Measurement temperature,272.5,1
Measurement temperature,388,1
Measurement temperature,1193,1
Measurement temperature,1233,1
Measurement temperature,1223,1
Measurement temperature,1203,1
Measurement temperature,1183,1
Measurement temperature,850,1
Measurement temperature,510,1
Mn15Si26[001],Mn15Si26[001],1
Module operated temperature,hot side at 220 degree centigrade,2
Note,This sample is from literature.,1
Other,Paper,1
Peak efficiency,3.1 percent,2
PoreSize,nm,18
PoreSize,um,7
Porosity,%,86
Porosity,-,7
Purity,SinglePhase,10303
Purity,MainPhase,6896
Purity,Unknown,1708
Purity,Composite,767
Purity,Other,297
Purity,MetalComposite,222
Purity,Precipitates,132
Purity,Layer,88
Purity,EutecticComposite,20
Purity,core shell,18
Purity,alloy,3
Purity,blend,1
Ratio of electrolyte to cathode active material,muL*mg^(-1),2190
Reference electrode,Mg|Magnesium,543
Reference electrode,Na|Sodium,313
Reference electrode,Li|Lithium,58
Reference electrode,SCE|Saturated Calomel Electrode,28
Reference electrode,Ag/AgCl|Silver-Silver Chloride Electrode,18
Relative density,80,2
Relative density,79,2
Relative density,92,2
Relative density,91,2
Relative density,90,1
Relative density,95,1
Relative density,94,1
Relative density,78,1
Relative density,85,1
Relative density,81,1
RelativeDensity,=95%,893
RelativeDensity,%,837
RelativeDensity,>=90%,293
RelativeDensity,>=80%,145
RelativeDensity,Unknown,78
RelativeDensity,-,54
RelativeDensity,>=70%,35
RelativeDensity,>=60%,31
RelativeDensity,>=50%,11
RelativeDensity,>=40%,6
RelativeDensity,<30%,4
Saturation magnetization,72.96,1
Saturation magnetization,30,1
Saturation magnetization,47.272,1
Saturation magnetization,120,1
Separator,Other glass fiber separator,3634
Separator,Celgard 2400,2041
Separator,Celgard 2325,645
Separator,Other polypropylene membrane,454
Separator,Other Celgard,419
Separator,Celgard 2500,414
Separator,Celgard 3501,180
Separator,Whatman GF-B,176
Separator,Other polymer membrane,141
Solute 1,LiTFSI|LiTFSA|Lithium Bis(trifluoromethanesulfonyl)imide,6360
Solute 1,LiPF6|Lithium hexafluorophosphate,1889
Solute 1,NaClO4|Sodium perchlorate,863
Solute 1,MgTFSI2|MgTFSA2|Magnesium bis(trifluoromethanesulfonyl)imide,724
Solute 1,LiFSI|LiFSA|Lithium Bis(fluorosulfonyl)imide,547
Solute 1,AlCl3|Aluminium chloride,489
Solute 1,PhMgCl|Phenyl magnesium chloride,450
Solute 1,NaPF6|Sodium hexafluorophosphate,420
Solute 1,Mg[B(hfip)4]2|Magnesium tetrakis(hexafluoroisopropyloxy) borate,324
Solute 1,MgCl2|Magnesium chloride,125
Solute 1,LiCF3SO3|Lithium trifluoromethanesulfonate,121
Solute 1,Other alkyl magnesium chloride,111
Solute 1,MgHMDS2|Magnesium bis(hexamethyldisilazido),108
Solute 1,Mg(ClO4)2|Magnesium perchlorate,93
Solute 1,LiNO3|Lithium nitrate,75
Solute 1,MgTfO2|Magnesium triflate,69
Solute 1,Other magnesium borate,42
Solute 1,LiClO4|Lithium perchlorate,38
Solute 1,Mg(BH4)2|Magnesium borohydride,32
Solute 1,Other magnesium imide,32
Solute 1,LiTfO|Lithium triflate|Lithium Trifluoromethanesulfonate,18
Solute 1,Li2S8|Lithium octasulfide,15
Solute 1,Li2S6|Lithium hexasulfide,13
Solute 1,LiDFOB|Lithium difluoro(oxalato)borate,10
Solute 1,LiPS|Lithium polysulfide,6
Solute 1,MgI2|Magnesium iodide,5
Solute 1,Mg(BF4)2|Magnesium tetrafruoroborate,3
Solute 1,MgBr2|Magnesium bromide,2
Solute 1,EtMgCl|Ethyl magnesium chloride,1
Solute 2,LiNO3|Lithium nitrate,4030
Solute 2,AlCl3|Aluminium chloride,587
Solute 2,MgCl2|Magnesium chloride,369
Solute 2,PhMgCl|Phenyl magnesium chloride,312
Solute 2,LiTFSI|LiTFSA|Lithium Bis(trifluoromethanesulfonyl)imide,87
Solute 2,Other alkyl magnesium chloride,69
Solute 2,LiDFOB|Lithium difluoro(oxalato)borate,25
Solute 2,MgI2|Magnesium iodide,22
Solute 2,LiFSI|LiFSA|Lithium Bis(fluorosulfonyl)imide,19
Solute 2,LiClO4|Lithium perchlorate,19
Solute 2,LiPF6|Lithium hexafluorophosphate,15
Solute 2,LiTfO|Lithium triflate|Lithium Trifluoromethanesulfonate,14
Solute 2,LiBOB|Lithium bis(oxalato)borate,14
Solute 2,MgHMDS2|Magnesium bis(hexamethyldisilazido),13
Solute 2,Li2S6|Lithium hexasulfide,5
Solute 2,Mg(BH4)2|Magnesium borohydride,5
Solute 2,LiBH4|Lithium borohydride,5
Solute 2,LiDFOB|Lithium difluoro(oxalate)borate,5
Solute 2,LiBF4|	Lithium Tetrafluoroborate,3
Solute 2,I2,3
Solute 2,alpha-Lipoic-Acid,2
Solute 2,LiNO2|Lithium nitrite,1
Solute 2,Other magnesium imide,1
Solute 3,MgCl2|Magnesium chloride,45
Solute 3,LiTFSI|LiTFSA|Lithium Bis(trifluoromethanesulfonyl)imide,37
Solute 3,LiNO3|Lithium nitrate,26
Solute 3,AlCl3|Aluminium chloride,21
Solute 3,Li2S8|Lithium octasulfide,12
Solute 3,MgTfO2|Magnesium triflate,6
Solute 3,I2,6
Solute 3,Li2S5|Lithium pentasulfide,4
Solute 3,"PSD-90|Poly(sulfur-random-1,3-diisopropenylbenzene)",1
Solute 3,LiPF6|Lithium hexafluorophosphate,1
Solvent 1,"DOL|1,3-Dioxolane",4053
Solvent 1,"DME|1,2-Dimethoxyethane",3208
Solvent 1,EC|Ethylene carbonate,2821
Solvent 1,THF|Tetrahydrofuran,1113
Solvent 1,G2|DEGDME|Diglyme|Diethylene glycol dimethyl ether,683
Solvent 1,G4|Tetraglyme|Tetraethylene glycol dimethyl ether,347
Solvent 1,PC|Propylene carbonate,241
Solvent 1,H2O|Water,191
Solvent 1,G3|TEGDME|Triglyme|Triethylene glycol dimethyl ether,158
Solvent 1,ACN|AN|Acetonitrile,154
Solvent 1,Other Ethers,143
Solvent 1,DMC|Dimethyl carbonate,90
Solvent 1,DMSO|Dimethyl sulfoxide,82
Solvent 1,IL|Ionic liquid,76
Solvent 1,FEC|Fluoro ethylene carbonate,72
Solvent 1,EMC|Ethyl methyl carbonate,49
Solvent 1,FEC|Fuluoro ethylene carbonate,43
Solvent 1,TMP|Trimethyl phosphate,35
Solvent 1,Other Amides,35
Solvent 1,DEC|Diethyl carbonate,30
Solvent 1,SL|TMS|Sulfolane|Tetra methylene sulfone,17
Solvent 1,PYR14TFSI|N-butylN-methylpyrrolidinium bis (trsifluoromethane sulfonyl)imide,13
Solvent 1,"TTD|2-(2,2,2-trifluoroethoxy)-4-(trifluoromethyl)-1,3-dioxolane",12
Solvent 1,Other Sulfones,12
Solvent 1,Pyr13FSI | N-Propyl-N-methylpyrrolidinium bis(fluorosulfonyl)imide,9
Solvent 1,Other Phosphates,6
Solvent 1,DMM|dimethoxymethane,4
Solvent 1,HFE|Fluorinated|Hydrofrofluoro ether,3
Solvent 1,Other carbonates,3
Solvent 1,"DMA|N,N-Dimethylacetamide",3
Solvent 1,DMSi|dimethyl dimethoxy silicane,2
Solvent 1,Other Sulfoxides,1
Solvent 1,2-MeTHF|2-Methyl tetrahydrofuran,1
Solvent 1,Other polymers,1
Solvent 2,"DME|1,2-Dimethoxyethane",4122
Solvent 2,"DOL|1,3-Dioxolane",2105
Solvent 2,DEC|Diethyl carbonate,1326
Solvent 2,DMC|Dimethyl carbonate,844
Solvent 2,EMC|Ethyl methyl carbonate,345
Solvent 2,PC|Propylene carbonate,300
Solvent 2,EC|Ethylene carbonate,129
Solvent 2,"TTE|Tetrafluoroethyl 2,2,3,3-tetrafluoropropyl ether",84
Solvent 2,Other Ethers,53
Solvent 2,FEC|Fuluoro ethylene carbonate,51
Solvent 2,H2O|Water,47
Solvent 2,FEC|Fluoro ethylene carbonate,45
Solvent 2,IL|Ionic liquid,41
Solvent 2,G4|Tetraglyme|Tetraethylene glycol dimethyl ether,31
Solvent 2,G2|DEGDME|Diglyme|Diethylene glycol dimethyl ether,29
Solvent 2,Other carbonates,29
Solvent 2,G3|TEGDME|Triglyme|Triethylene glycol dimethyl ether,27
Solvent 2,THF|Tetrahydrofuran,26
Solvent 2,HFE|Fluorinated|Hydrofrofluoro ether,18
Solvent 2,"BTFE|Bis(2,2,2-trifluoroethyl) ether",15
Solvent 2,THF|tetrahydrofuran,12
Solvent 2,Other Sulfoxides,8
Solvent 2,"DMA|N,N-Dimethylacetamide",8
Solvent 2,PYR14TFSI|N-butylN-methylpyrrolidinium bis (trsifluoromethane sulfonyl)imide,7
Solvent 2,"TFEE|Ethylene glycol bis(1,1,2,2-tetrafluoroethyl) ether",5
Solvent 2,Other Amides,4
Solvent 2,"ETFE|Ethyl 1,1,2,2-tetrafluoroethyl ether",4
Solvent 2,TMP|Trimethyl phosphate,3
Solvent 2,Other Phosphates,3
Solvent 3,DEC|Diethyl carbonate,210
Solvent 3,FEC|Fluoro ethylene carbonate,196
Solvent 3,DMC|Dimethyl carbonate,184
Solvent 3,EMC|Ethyl methyl carbonate,172
Solvent 3,FEC|Fuluoro ethylene carbonate,139
Solvent 3,G3|TEGDME|Triglyme|Triethylene glycol dimethyl ether,24
Solvent 3,"DOL|1,3-Dioxolane",18
Solvent 3,EC|Ethylene carbonate,15
Solvent 3,VC|Vinylene carbonate,14
Solvent 3,"TTE|Tetrafluoroethyl 2,2,3,3-tetrafluoropropyl ether",13
Solvent 3,Other Amides,10
Solvent 3,PYR14TFSI|N-butylN-methylpyrrolidinium bis(trifluoromethane sulfonyl)imide,10
Solvent 3,Other carbonates,10
Solvent 3,IL|Ionic liquid,10
Solvent 3,PC|Propylene carbonate,8
Solvent 3,G2|DEGDME|Diglyme|Diethylene glycol dimethyl ether,7
Solvent 3,"BTFE|Bis(2,2,2-trifluoroethyl) ether",7
Solvent 3,Other Ethers,6
Solvent 3,G4|Tetraglyme|Tetraethylene glycol dimethyl ether,6
Solvent 3,DMSO|Dimethyl sulfoxide,4
Solvent 3,"DME|1,2-Dimethoxyethane",3
Solvent 3,H2O|Water,2
Solvent 3,Other polymers,2
ThermalMeaasurement,Other,2
ThermalMeaasurement,LaserFlash,1
ThermalMeasurement,LaserFlash,5274
ThermalMeasurement,LaserFlash+DSC,1831
ThermalMeasurement,Other,951
ThermalMeasurement,PPMS-TTO,758
ThermalMeasurement,LaserFlash+3R,375
ThermalMeasurement,3omega,204
ThermalMeasurement,PPMS,123
ThermalMeasurement,SteadyStateMethod,120
ThermalMeasurement,LaserFlash + Neumann-Kopp rule,104
ThermalMeasurement,Disc,92
ThermalMeasurement,LampFlash,48
ThermalMeasurement,ThermoReflectance,36
ThermalMeasurement,Harman,36
ThermalMeasurement,Transient plane source,22
ThermalMeasurement,Hot Disk,21
ThermalMeasurement,LampFlash+DSC,4
ThermalMeasurement,LampFlash+3R,1
Upper voltage limit,V,2983
Working electrode,Pt|Platinum,220
Working electrode,Cu|Copper,59
Working electrode,SUS|SS|Stainless Steel,51
Working electrode,Al|Aluminum,23
Working electrode,Carbon,22
Working electrode,Graphite,21
Working electrode,Au|Gold,15
Working electrode,SUS304,9
Working electrode,Ni|Nickel,4
Working electrode,SUS316,2
annealing condition,"temp, time",386
coercivity,low,8
coercivity,0,4
coercivity,55732,4
coercivity,4.38*10^3,3
coercivity,13.93*10^3,3
coercivity,27866,3
coercivity,11943,3
coercivity,1.1,3
coercivity,15916,3
coercivity,23885,3
coercivity,33439,3
coercivity,3583,3
coercivity,445,2
coercivity,604.3*10^3,2
coercivity,508.8*10^3,2
coercivity,388.5*10^3,2
coercivity,587.6*10^3,2
coercivity,226.91*10^3,2
coercivity,47.77*10^3,2
coercivity,0.7*10^3,2
coercivity,3.18*10^3,2
coercivity,3.49*10^3,2
coercivity,1.96*10^3,2
coercivity,3.34*10^3,2
coercivity,3.46*10^3,2
coercivity,13.2,2
coercivity,151,2
coercivity,1.95*10^3,2
coercivity,499.36*10^3,2
coercivity,630.81*10^3,2
coercivity,13.81*10^3,2
coercivity,159.24*10^3,2
coercivity,154618,2
coercivity,16480,2
coercivity,4.53*10^3,2
coercivity,10.19*10^3,2
coercivity,11141,2
coercivity,14165,2
coercivity,4.3*10^3,2
coercivity,31.85*10^3,2
coercivity,30.45*10^3,2
coercivity,33041,2
coercivity,1035191,2
coercivity,524761,2
coercivity,712978,2
coercivity,8.96*10^3,2
coercivity,188137,2
coercivity,116.00*10^3,2
coercivity,120.54*10^3,2
coercivity,158.68*10^3,2
coercivity,181.29*10^3,2
coercivity,160.27*10^3,2
coercivity,2.3,2
coercivity,15120,2
coercivity,5016,2
coercivity,50695,2
coercivity,31.91,2
coercivity,12739,2
coercivity,17516,2
coercivity,79164,2
coercivity,9896,2
coercivity,159160,2
coercivity,676752,2
coercivity,1.3,2
coercivity,2,2
coercivity,16.1,2
coercivity,51387,2
coercivity,26274,2
coercivity,310510,2
coercivity,15924,2
coercivity,31847,2
coercivity,8997,2
coercivity,5573,2
coercivity,717,2
coercivity,6768,2
coercivity,12960,2
coercivity,13070,2
coercivity,6051,2
coercivity,5175,2
coercivity,2866,2
coercivity,232245,2
coercivity,2372611,2
coercivity,358280,2
coercivity,58917,2
coercivity,5096,2
coercivity,123408,2
coercivity,59767,2
coercivity,20171,2
coercivity,21384,2
coercivity,18228,2
coercivity,16227,2
coercivity,1448356,1
coercivity,986792,1
coercivity,0.03*10^3,1
coercivity,17.3*10^3,1
coercivity,27.9*10^3,1
coercivity,19.3*10^3,1
coercivity,17.69*10^6,1
coercivity,11.44*10^6,1
coercivity,1018*10^3,1
coercivity,924*10^3,1
coercivity,915*10^3,1
coercivity,0.41,1
coercivity,0.73,1
coercivity,2.11,1
coercivity,1.33,1
coercivity,1.54,1
coercivity,40681,1
coercivity,16361,1
coercivity,12818,1
coercivity,75617,1
coercivity,95518,1
coercivity,79331,1
coercivity,7516,1
coercivity,7070,1
coercivity,5303,1
coercivity,138.2*10^3,1
coercivity,377.9*10^3,1
coercivity,301*10^3,1
coercivity,354*10^3,1
coercivity,315.9*10^3,1
coercivity,247.9*10^3,1
coercivity,403.1*10^3,1
coercivity,449.9*10^3,1
coercivity,99.5*10^3,1
coercivity,136.1*10^3,1
coercivity,173.6*10^3,1
coercivity,82.0*10^3,1
coercivity,85.2*10^3,1
coercivity,169.6*10^3,1
coercivity,184.7*10^3,1
coercivity,0.59*10^3,1
coercivity,5.03*10^3,1
coercivity,2.68,1
coercivity,13.47*10^3,1
coercivity,17.04*10^3,1
coercivity,"18,59*10^3",1
coercivity,27.1*10^3,1
coercivity,47.61*10^3,1
coercivity,80.73*10^3,1
coercivity,222.93*10^3,1
coercivity,106.53*10^3,1
coercivity,83.60*10^3,1
coercivity,95.54*10^3,1
coercivity,97.53*10^3,1
coercivity,96.34*10^3,1
coercivity,214.97*10^3,1
coercivity,107*10^3,1
coercivity,268*10^3,1
coercivity,223*10^3,1
coercivity,150*10^3,1
coercivity,1.84*10^3,1
coercivity,4.16*10^3,1
coercivity,5.37*10^3,1
coercivity,43*10^3,1
coercivity,51.8*10^3,1
coercivity,100.5*10^3,1
coercivity,26.2*10^3,1
coercivity,25.9*10^3,1
coercivity,255.7*10^3,1
coercivity,"4,4*10^3",1
coercivity,2.1*10^3,1
coercivity,0.05*10^3,1
coercivity,6.9*10^3,1
coercivity,3.2*10^3,1
coercivity,0.1*10^3,1
coercivity,0.6*10^3,1
coercivity,1.3*10^3,1
coercivity,0.9*10^3,1
coercivity,1.2*10^3,1
coercivity,467.4*10^3,1
coercivity,488.5*10^3,1
coercivity,124.9*10^3,1
coercivity,288.9*10^3,1
coercivity,260.2*10^3,1
coercivity,328.9*10^3,1
coercivity,397.0*10^3,1
coercivity,442.7*10^3,1
coercivity,224.2*10^3,1
coercivity,292.2*10^3,1
coercivity,320.0*10^3,1
coercivity,3.70*10^3,1
coercivity,5.65*10^3,1
coercivity,2.73*10^3,1
coercivity,3.22*10^3,1
coercivity,1.63*10^3,1
coercivity,3.05*10^3,1
coercivity,2.07*10^3,1
coercivity,3.86*10^3,1
coercivity,368.39*10^3,1
coercivity,336.31*10^3,1
coercivity,93065,1
coercivity,92731,1
coercivity,71959,1
coercivity,63846,1
coercivity,73.9,1
coercivity,22.4,1
coercivity,40.2,1
coercivity,37.69*10^3,1
coercivity,37.68*10^3,1
coercivity,"68,9*10^3",1
coercivity,64.6*10^3,1
coercivity,69*10^3,1
coercivity,30.33*10^3,1
coercivity,35.9*10^3,1
coercivity,47.98*10^3,1
coercivity,77.23*10^3,1
coercivity,107.48*10^3,1
coercivity,50.96*10^3,1
coercivity,74.04*10^3,1
coercivity,91.56*10^3,1
coercivity,132.96*10^3,1
coercivity,9.63*10^3,1
coercivity,8.68*10^3,1
coercivity,9.24*10^3,1
coercivity,10.75*10^3,1
coercivity,64.49*10^3,1
coercivity,18.47*10^3,1
coercivity,33.28*10^3,1
coercivity,15.13*10^3,1
coercivity,13.54*10^3,1
coercivity,14.57*10^3,1
coercivity,31.37*10^3,1
coercivity,360,1
coercivity,244,1
coercivity,95,1
coercivity,405,1
coercivity,304,1
coercivity,38.7,1
coercivity,1.79*10^3,1
coercivity,"1,78*10^3",1
coercivity,712.81*10^3,1
coercivity,519.34*10^3,1
coercivity,944.67*10^3,1
coercivity,719.82*10^3,1
coercivity,334.4*10^3,1
coercivity,249.2*10^3,1
coercivity,226.9*10^3,1
coercivity,3781,1
coercivity,8445,1
coercivity,13160,1
coercivity,3937.,1
coercivity,4647,1
coercivity,3987,1
coercivity,6997,1
coercivity,14968,1
coercivity,16999,1
coercivity,53063.,1
coercivity,752.9*10^3,1
coercivity,42.27,1
coercivity,245.14,1
coercivity,47.53,1
coercivity,26.18*10^3,1
coercivity,26.95*10^3,1
coercivity,"25,86*10^3",1
coercivity,25.55*10^3,1
coercivity,24.68*10^3,1
coercivity,26.7*10^3,1
coercivity,21.74*10^3,1
coercivity,24.86*10^3,1
coercivity,12.72*10^3,1
coercivity,17.91*10^3,1
coercivity,60.11*10^3,1
coercivity,4.45*10^3,1
coercivity,7.96*10^3,1
coercivity,289.25*10^3,1
coercivity,462.98*10^3,1
coercivity,498.25*10^3,1
coercivity,4.90*10^3,1
coercivity,92.68*10^3,1
coercivity,466.88*10^3,1
coercivity,470.86*10^3,1
coercivity,378.9*10^3,1
coercivity,15.56*10^3,1
coercivity,65.6*10^3,1
coercivity,9.72*10^3,1
coercivity,13.92*10^3,1
coercivity,"5,15*10^3",1
coercivity,10.12*10^3,1
coercivity,345.04*10^3,1
coercivity,40.72*10^3,1
coercivity,40.13*10^3,1
coercivity,16.27*10^3,1
coercivity,71.47*10^3,1
coercivity,17.87*10^3,1
coercivity,224.45*10^3,1
coercivity,"46,05*10^3",1
coercivity,37.77*10^3,1
coercivity,37.54*10^3,1
coercivity,359.24*10^3,1
coercivity,244.04*10^3,1
coercivity,279.70*10^3,1
coercivity,290.29*10^3,1
coercivity,317.52*10^3,1
coercivity,345.62*10^3,1
coercivity,400.16*10^3,1
coercivity,405.39*10^3,1
coercivity,415.45*10^3,1
coercivity,418.63*10^3,1
coercivity,311.62*10^3,1
coercivity,318.71*10^3,1
coercivity,359.07*10^3,1
coercivity,275.14*10^3,1
coercivity,131.80*10^3,1
coercivity,88.74*10^3,1
coercivity,46.42*10^3,1
coercivity,110.27*10^33,1
coercivity,40872,1
coercivity,238.85*10^3,1
coercivity,175.16*10^3,1
coercivity,156449,1
coercivity,156847,1
coercivity,158360,1
coercivity,155255,1
coercivity,157484,1
coercivity,710510,1
coercivity,796178,1
coercivity,4.7*10^3,1
coercivity,3.79*10^3,1
coercivity,8391,1
coercivity,12116,1
coercivity,14348,1
coercivity,2.61*10^3,1
coercivity,1.34*10^3,1
coercivity,1.72*10^3,1
coercivity,3.5*10^3,1
coercivity,1158.37,1
coercivity,1194.29,1
coercivity,990.48,1
coercivity,96,1
coercivity,510,1
coercivity,165,1
coercivity,887.93,1
coercivity,921.25,1
coercivity,130,1
coercivity,"5,88*10^3",1
coercivity,6.34*10^3,1
coercivity,4.99*10^3,1
coercivity,4029,1
coercivity,0.27*10^3,1
coercivity,1.38*10^3,1
coercivity,1.85*10^3,1
coercivity,2.69*10^3,1
coercivity,"2,54*10-3",1
coercivity,1.87*10^3,1
coercivity,270,1
coercivity,21750,1
coercivity,5720,1
coercivity,20560,1
coercivity,16350,1
coercivity,10.35*10^3,1
coercivity,7.56*10^3,1
coercivity,19.43*10^3,1
coercivity,5.57*10^3,1
coercivity,10.11*10^3,1
coercivity,9708,1
coercivity,14006,1
coercivity,14722,1
coercivity,14642,1
coercivity,"3,42*10^3",1
coercivity,756,1
coercivity,2324,1
coercivity,29013,1
coercivity,33049,1
coercivity,33806,1
coercivity,1027,1
coercivity,1234,1
coercivity,2245,1
coercivity,13790,1
coercivity,11051,1
coercivity,35995,1
coercivity,69.89*10^3,1
coercivity,379.37*10^3,1
coercivity,29.95*10^3,1
coercivity,"27,6*10^3",1
coercivity,"28,23*10^3",1
coercivity,5.6*10^3,1
coercivity,8.31*10^3,1
coercivity,5.51*10^3,1
coercivity,4.79*10^3,1
coercivity,75.26*10^3,1
coercivity,69.87*10^3,1
coercivity,63.14*10^3,1
coercivity,54.29*10^3,1
coercivity,6.02*10^3,1
coercivity,"6,15*10^3",1
coercivity,7.91*10^3,1
coercivity,5.02*10^3,1
coercivity,"196,65*10^3",1
coercivity,226.59*10^3,1
coercivity,147.29*10^3,1
coercivity,63.69*10^3,1
coercivity,56.53*10^3,1
coercivity,139.09*10^3,1
coercivity,20541,1
coercivity,44048,1
coercivity,24283,1
coercivity,19506,1
coercivity,39490,1
coercivity,26592,1
coercivity,23089,1
coercivity,23726,1
coercivity,19427,1
coercivity,63217,1
coercivity,58280,1
coercivity,43312,1
coercivity,374203,1
coercivity,748408,1
coercivity,270572,1
coercivity,8041,1
coercivity,8439,1
coercivity,29140,1
coercivity,690.76*10^3,1
coercivity,743.15*10^3,1
coercivity,681.52*10^3,1
coercivity,19.35*10^3,1
coercivity,2.14*10^3,1
coercivity,4.93*10^3,1
coercivity,7.40*10^3,1
coercivity,10.84*10^3,1
coercivity,4.52*10^3,1
coercivity,7.07*10^3,1
coercivity,3.62*10^3,1
coercivity,53*10^3,1
coercivity,52.06*10^3,1
coercivity,104.85*10^3,1
coercivity,59.87*10^3,1
coercivity,50;2*10^3,1
coercivity,38296,1
coercivity,33598,1
coercivity,705573,1
coercivity,101433,1
coercivity,8.39*10^3,1
coercivity,8.30*10^3,1
coercivity,12.12*10^3,1
coercivity,9584,1
coercivity,11134,1
coercivity,14699,1
coercivity,24116,1
coercivity,1.03*10^3,1
coercivity,0.65*10^3,1
coercivity,1760,1
coercivity,55706,1
coercivity,167118,1
coercivity,254656,1
coercivity,222824,1
coercivity,300000,1
coercivity,264.6*10^3,1
coercivity,247.6*10^3,1
coercivity,235.7*10^3,1
coercivity,6249,1
coercivity,6971,1
coercivity,7618,1
coercivity,5996,1
coercivity,4271,1
coercivity,2347.61*10^3,1
coercivity,2244.16*10^3,1
coercivity,2435.15*10^3,1
coercivity,3684.55*10^3,1
coercivity,23.41*10^3,1
coercivity,11.46*10^3,1
coercivity,12.1*10^3,1
coercivity,21.42*10^3,1
coercivity,12.73*10^3,1
coercivity,"64,46*10^3",1
coercivity,"955,41*10^3",1
coercivity,732.48*10^3,1
coercivity,589.17*10^3,1
coercivity,374.2*10^3,1
coercivity,135.35*10^3,1
coercivity,47.75*10^3,1
coercivity,120.17*10^3,1
coercivity,35.02*10^3,1
coercivity,3.64*10^3,1
coercivity,4.04*10^3,1
coercivity,3.81*10^3,1
coercivity,3.89*10^3,1
coercivity,3.92*10^3,1
coercivity,3.57*10^3,1
coercivity,"7,93*10^3",1
coercivity,8.62*10^3,1
coercivity,7.30*10^3,1
coercivity,"4,24*10^3",1
coercivity,6.92*10^3,1
coercivity,6.74*10^3,1
coercivity,270.577*10^3,1
coercivity,254.656*10^3,1
coercivity,294.446*10^3,1
coercivity,7.7,1
coercivity,5.9,1
coercivity,6.5,1
coercivity,5.6,1
coercivity,840000,1
coercivity,680000,1
coercivity,815000,1
coercivity,640,1
coercivity,32,1
coercivity,36,1
coercivity,41,1
coercivity,"2,325*10^3",1
coercivity,2.277*10^3,1
coercivity,2.444*10^3,1
coercivity,2.938*10^3,1
coercivity,1563.8,1
coercivity,1699,1
coercivity,4490.7,1
coercivity,3954.3,1
coercivity,3747.4,1
coercivity,7127.2,1
coercivity,6496.9,1
coercivity,7505.9,1
coercivity,9587.8,1
coercivity,4576.7,1
coercivity,840,1
coercivity,690,1
coercivity,141.95*10^3,1
coercivity,151.51*10^3,1
coercivity,153.26*10^3,1
coercivity,151.67*10^3,1
coercivity,175.24*10^3,1
coercivity,152.15*10^3,1
coercivity,135.83*10^3,1
coercivity,691.08*10^3,1
coercivity,697.45*10^3,1
coercivity,122239.65,1
coercivity,80846.34,1
coercivity,182390.13,1
coercivity,4384858,1
coercivity,2204366,1
coercivity,111412,1
coercivity,2640,1
coercivity,2400,1
coercivity,934,1
coercivity,4.87*10^3,1
coercivity,1.99*10^3,1
coercivity,3.04*10^3,1
coercivity,11.65*10^3,1
coercivity,"7,36*10^3",1
coercivity,"2,31*10^4",1
coercivity,3.94*10^5,1
coercivity,2.49*10^5,1
coercivity,3.03*10^5,1
coercivity,3.35*10^5,1
coercivity,1.47*10^5,1
coercivity,4.69*10^5,1
coercivity,3.91*10^5,1
coercivity,1.36*10^5,1
coercivity,509.84*10^3,1
coercivity,485.24*10^3,1
coercivity,475.01*10^3,1
coercivity,"428,11",1
coercivity,407.46*10^3,1
coercivity,478.17*10^3,1
coercivity,483.66*10^3,1
coercivity,434.81*10^3,1
coercivity,462.47*10^3,1
coercivity,40.45*10^3,1
coercivity,173646,1
coercivity,109.71*10^3,1
coercivity,122.97*10^3,1
coercivity,102.3*10^3,1
coercivity,108.5*10^3,1
coercivity,129.96*10^3,1
coercivity,6457,1
coercivity,35119,1
coercivity,22948,1
coercivity,6252,1
coercivity,54468,1
coercivity,42.09*10^3,1
coercivity,37.92*10^3,1
coercivity,245.9022,1
coercivity,1161.868,1
coercivity,20.86*10^3,1
coercivity,23.57*10^3,1
coercivity,6.29*10^3,1
coercivity,6.36*10^3,1
coercivity,27.07*10^3,1
coercivity,"85,19*10^3",1
coercivity,9.10*10^3,1
coercivity,"67,90*10^3",1
coercivity,6.66*10^3,1
coercivity,"6,85*10^3",1
coercivity,"7,68*10^3",1
coercivity,15.61*10^3,1
coercivity,12.5*10^3,1
coercivity,13.06*10^3,1
coercivity,12.02*10^3,1
coercivity,15.84*10^3,1
coercivity,15.68*10^3,1
coercivity,14.97*10^3,1
coercivity,12.90*10^3,1
coercivity,541.381,1
coercivity,882.369,1
coercivity,460.834,1
coercivity,602.44,1
coercivity,176700,1
coercivity,47370,1
coercivity,173500,1
coercivity,173000,1
coercivity,160300,1
coercivity,234000,1
coercivity,198400,1
coercivity,13217,1
coercivity,31688,1
coercivity,4.46*10^3,1
coercivity,289,1
coercivity,266,1
coercivity,380,1
coercivity,452,1
coercivity,255.57*10^3,1
coercivity,131.37*10^3,1
coercivity,248.81*10^3,1
coercivity,18.31*10^3,1
coercivity,14.17*10^3,1
coercivity,5.2,1
coercivity,1.0,1
coercivity,0.2,1
coercivity,14324,1
coercivity,8753,1
coercivity,12732,1
coercivity,7958,1
coercivity,1129,1
coercivity,982,1
coercivity,2525,1
coercivity,3179,1
coercivity,3618,1
coercivity,2740,1
coercivity,3517,1
coercivity,3989,1
coercivity,4283,1
coercivity,1878,1
coercivity,1298,1
coercivity,2848,1
coercivity,3971,1
coercivity,3064,1
coercivity,75.16*10^3,1
coercivity,74.6*10^3,1
coercivity,76.35*10^3,1
coercivity,75.96*10^3,1
coercivity,76.91*10^3,1
coercivity,675.96*10^3,1
coercivity,688.46*10^3,1
coercivity,31.85,1
coercivity,31.84,1
coercivity,9355,1
coercivity,167221,1
coercivity,28320,1
coercivity,51600,1
coercivity,97548,1
coercivity,6329,1
coercivity,10398,1
coercivity,2389,1
coercivity,5494,1
coercivity,5653,1
coercivity,45243,1
coercivity,43526,1
coercivity,50248,1
coercivity,46969,1
coercivity,40580,1
coercivity,38202,1
coercivity,22500,1
coercivity,33.8,1
coercivity,38.1,1
coercivity,52.4,1
coercivity,60.1,1
coercivity,189,1
coercivity,654,1
coercivity,945,1
coercivity,790,1
coercivity,2570.85,1
coercivity,7083.60,1
coercivity,8863.85,1
coercivity,12597.13,1
coercivity,"4911,62",1
coercivity,2757.17,1
coercivity,22931,1
coercivity,20382,1
coercivity,18110,1
coercivity,20258,1
coercivity,24682,1
coercivity,41401,1
coercivity,57814,1
coercivity,28673,1
coercivity,31671,1
coercivity,35584,1
coercivity,50442,1
coercivity,384236,1
coercivity,408121,1
coercivity,1.19*10^3,1
coercivity,28.9*10^3,1
coercivity,152.07*10^3,1
coercivity,3612,1
coercivity,2202,1
coercivity,3263,1
coercivity,86.15,1
coercivity,88.3,1
coercivity,95.94,1
coercivity,92.68,1
coercivity,183.12*10^3,1
coercivity,184.84*10^3,1
coercivity,334.39*10^3,1
coercivity,780.25*10^3,1
coercivity,92.07,1
coercivity,40.10,1
coercivity,53.158,1
coercivity,29.284,1
coercivity,33.979,1
coercivity,33.104,1
coercivity,34.218,1
coercivity,23.396,1
coercivity,18.462,1
coercivity,30.87,1
coercivity,33.18,1
coercivity,74.96,1
coercivity,12.25,1
coercivity,40.50,1
coercivity,38.754,1
coercivity,68.357,1
coercivity,88.808,1
coercivity,37220,1
coercivity,38910,1
coercivity,39.81*10^3,1
coercivity,151.27*10^3,1
coercivity,"254,77*10^3",1
coercivity,23.89*10^3,1
coercivity,103.50*10^3,1
coercivity,88,1
coercivity,72,1
coercivity,581,1
coercivity,271,1
coercivity,3772,1
coercivity,3860,1
coercivity,5571,1
coercivity,4258,1
coercivity,4536,1
coercivity,5984,1
coercivity,6064,1
coercivity,10107,1
coercivity,19.9,1
coercivity,1520.7,1
coercivity,3312.1,1
coercivity,3797.77,1
coercivity,2563.69,1
coercivity,45.38,1
coercivity,2794.59,1
coercivity,3781.84,1
coercivity,3248.41,1
coercivity,2173.56,1
coercivity,1544.58,1
coercivity,13694,1
coercivity,8838,1
coercivity,11465,1
coercivity,28662,1
coercivity,14331,1
coercivity,16799,1
coercivity,18073,1
coercivity,14172,1
coercivity,15923,1
coercivity,1791,1
coercivity,3200,1
coercivity,4396,1
coercivity,4084,1
coercivity,111736,1
coercivity,161045,1
coercivity,67436,1
coercivity,107245,1
coercivity,110987,1
coercivity,87261,1
coercivity,92197,1
coercivity,7313,1
coercivity,2198,1
coercivity,5033,1
coercivity,22.06,1
coercivity,51.14,1
coercivity,124.52,1
coercivity,83.38,1
coercivity,711.5,1
coercivity,838.67,1
coercivity,1140,1
coercivity,14,1
coercivity,37,1
coercivity,1146,1
coercivity,378615,1
coercivity,332556,1
coercivity,2627,1
coercivity,144836,1
coercivity,19895,1
coercivity,25466,1
coercivity,155181,1
coercivity,12420,1
coercivity,10270,1
coercivity,8520,1
coercivity,8440,1
coercivity,10980,1
coercivity,137673400,1
coercivity,66847200,1
coercivity,47748,1
coercivity,63664,1
coercivity,1193.7,1
coercivity,11937,1
coercivity,3979,1
coercivity,248290,1
coercivity,273755,1
coercivity,327074,1
coercivity,265797,1
coercivity,357314,1
coercivity,1648089,1
coercivity,1520701,1
coercivity,1281847,1
coercivity,565287,1
coercivity,296723,1
coercivity,151998,1
coercivity,175000,1
coercivity,111000,1
coercivity,1090000,1
coercivity,255000,1
coercivity,1040000,1
coercivity,1380000,1
coercivity,876000,1
coercivity,83519,1
coercivity,151273,1
coercivity,199045,1
coercivity,294585,1
coercivity,334394,1
coercivity,326433,1
coercivity,1.6,1
coercivity,1.9,1
coercivity,1.5,1
coercivity,1035032,1
coercivity,2149682,1
coercivity,2468153,1
coercivity,8670,1
coercivity,89,1
coercivity,51,1
coercivity,48,1
coercivity,1248,1
coercivity,18.6,1
coercivity,20.6,1
coercivity,14.6,1
coercivity,138.4,1
coercivity,1951,1
coercivity,4736,1
coercivity,4690,1
coercivity,2.8,1
coercivity,2.7,1
coercivity,2.5,1
coercivity,1.7,1
coercivity,3.3,1
coercivity,1.4,1
coercivity,84076,1
coercivity,117038,1
coercivity,70064,1
coercivity,4241,1
coercivity,77707,1
coercivity,2150,1
coercivity,3424,1
coercivity,1513,1
coercivity,6529,1
coercivity,21099,1
coercivity,17197,1
coercivity,18,1
coercivity,7340,1
coercivity,40430,1
coercivity,150,1
coercivity,82006,1
coercivity,7962,1
coercivity,9586,1
coercivity,7054,1
coercivity,740,1
coercivity,661,1
coercivity,21019,1
coercivity,1114650,1
coercivity,1361465,1
coercivity,1353503,1
coercivity,59713,1
coercivity,334395,1
coercivity,573726,1
coercivity,515200,1
coercivity,814422,1
coercivity,97724,1
coercivity,73134,1
coercivity,88573,1
coercivity,64141,1
coercivity,104011,1
coercivity,662901,1
coercivity,843548,1
coercivity,1061438,1
coercivity,955756,1
coercivity,84912,1
coercivity,22850,1
coercivity,7311.4,1
coercivity,7222.5,1
coercivity,12.9,1
coercivity,9.8,1
coercivity,106,1
coercivity,102,1
coercivity,577400,1
coercivity,523700,1
coercivity,373300,1
coercivity,544000,1
coercivity,685000,1
coercivity,750000,1
coercivity,570000,1
coercivity,42349,1
coercivity,49220,1
coercivity,41680,1
coercivity,42014,1
coercivity,8360,1
coercivity,26433,1
coercivity,19904,1
coercivity,36067,1
coercivity,10987,1
coercivity,2548,1
coercivity,19.1,1
coercivity,6.4,1
coercivity,12.7,1
coercivity,2.6,1
coercivity,923567,1
coercivity,883758,1
coercivity,39808,1
coercivity,6036,1
coercivity,5827,1
coercivity,7574,1
coercivity,5743,1
coercivity,5656,1
coercivity,29904,1
coercivity,48678,1
coercivity,13901,1
coercivity,7866,1
coercivity,84671,1
coercivity,53558,1
coercivity,5971,1
coercivity,1401,1
coercivity,1074,1
coercivity,995,1
coercivity,2746,1
coercivity,1162,1
coercivity,2468,1
coercivity,955,1
coercivity,286624,1
coercivity,302547,1
coercivity,35820,1
coercivity,19900,1
coercivity,11940,1
coercivity,17110,1
coercivity,17779,1
coercivity,6847,1
coercivity,12182,1
coercivity,7946,1
coercivity,6927,1
coercivity,73885,1
coercivity,68885,1
coercivity,63495,1
coercivity,15852,1
coercivity,111,1
coercivity,143,1
coercivity,119,1
coercivity,4382,1
coercivity,4421,1
coercivity,3847,1
coercivity,4194,1
coercivity,8599,1
coercivity,26273,1
coercivity,9793,1
coercivity,16878,1
coercivity,356491,1
coercivity,323213,1
coercivity,189269,1
coercivity,327373,1
coercivity,309070,1
coercivity,37261,1
coercivity,124204,1
coercivity,272134,1
coercivity,423567,1
coercivity,57484,1
coercivity,17675,1
coercivity,5334,1
coercivity,29220,1
coercivity,144904,1
coercivity,158800,1
coercivity,153200,1
coercivity,145400,1
coercivity,167900,1
coercivity,178400,1
coercivity,166900,1
coercivity,157700,1
coercivity,148300,1
coercivity,17453,1
coercivity,20954,1
coercivity,21458,1
coercivity,20379,1
coercivity,21121,1
coercivity,21511,1
coercivity,30493,1
coercivity,46656,1
coercivity,36305,1
coercivity,51273,1
coercivity,53821,1
coercivity,2588,1
coercivity,2046,1
coercivity,1576,1
coercivity,87818,1
coercivity,38933,1
coercivity,62182,1
coercivity,4851,1
coercivity,4451,1
coercivity,36575,1
coercivity,6496,1
coercivity,3771,1
coercivity,5505,1
coercivity,15666,1
coercivity,1540,1
coercivity,3902,1
coercivity,3056,1
coercivity,5654,1
coercivity,3004,1
coercivity,4141,1
coercivity,6831,1
coercivity,51553,1
coercivity,33201,1
coercivity,35717,1
coercivity,75039,1
coercivity,46827,1
coercivity,71668,1
coercivity,111963,1
coercivity,160362,1
coercivity,171682,1
coercivity,68899,1
coercivity,205486,1
coercivity,174968,1
coercivity,193957,1
coercivity,130207,1
coercivity,153949,1
coercivity,49100,1
coercivity,17200,1
coercivity,6600,1
coercivity,110000,1
coercivity,3800,1
coercivity,13060,1
coercivity,7166,1
coercivity,4857,1
coercivity,7882,1
coercivity,4777,1
coercivity,4697,1
coercivity,16757,1
coercivity,42185,1
coercivity,154459,1
coercivity,38694,1
coercivity,45143,1
coercivity,22930,1
coercivity,98.7,1
coercivity,15048,1
coercivity,20303,1
coercivity,15446,1
coercivity,14490,1
coercivity,13774,1
coercivity,21178,1
coercivity,1354,1
coercivity,792993,1
coercivity,1145700,1
coercivity,1103503,1
coercivity,1090764,1
coercivity,15127,1
coercivity,18153,1
coercivity,17834,1
coercivity,68949,1
coercivity,79777,1
coercivity,88615,1
coercivity,79459,1
coercivity,113853,1
coercivity,72930,1
coercivity,109475,1
coercivity,86863,1
coercivity,101672,1
coercivity,241720,1
coercivity,167,1
coercivity,709,1
coercivity,135,1
coercivity,20690.8,1
coercivity,22282.4,1
coercivity,51727,1
coercivity,18303.4,1
coercivity,11141.2,1
coercivity,8753.8,1
coercivity,49339.6,1
coercivity,108599,1
coercivity,134475,1
coercivity,214092,1
coercivity,2115,1
coercivity,1288,1
coercivity,1794,1
coercivity,3634,1
coercivity,5892,1
coercivity,7006,1
coercivity,438,1
coercivity,239,1
coercivity,10908,1
coercivity,7325,1
coercivity,4936,1
coercivity,7229,1
coercivity,8758,1
coercivity,6361,1
coercivity,32643,1
coercivity,7293,1
coercivity,9100,1
coercivity,28557,1
coercivity,24783,1
coercivity,26783,1
coercivity,28773,1
coercivity,26069,1
coercivity,19418,1
coercivity,2547771,1
coercivity,804,1
coercivity,4338,1
coercivity,10164,1
coercivity,22385,1
coercivity,11623,1
coercivity,10025,1
coercivity,41589,1
coercivity,43789,1
coercivity,6959,1
coercivity,4793,1
coercivity,4650,1
coercivity,549,1
coercivity,2078,1
coercivity,7858,1
coercivity,17038,1
coercivity,18869,1
coercivity,4538,1
coercivity,2707,1
coercivity,3185,1
coercivity,1417,1
coercivity,963,1
coercivity,358,1
coercivity,1696,1
coercivity,7685,1
coercivity,7029,1
coercivity,8344,1
coercivity,6074,1
coercivity,364000,1
coercivity,238854,1
coercivity,374204,1
coercivity,350318,1
coercivity,191083,1
coercivity,366242,1
coercivity,1814,1
coercivity,2502,1
coercivity,4132,1
coercivity,11,1
coercivity,31,1
coercivity,41799,1
coercivity,48169,1
coercivity,69268,1
coercivity,69427,1
coercivity,82803,1
coercivity,7354,1
coercivity,7802,1
coercivity,3138,1
coercivity,7453,1
coercivity,6385,1
coercivity,48487,1
coercivity,41003,1
coercivity,34076,1
coercivity,21497,1
coercivity,295,1
coercivity,525,1
coercivity,629,1
coercivity,62898,1
coercivity,64411,1
coercivity,63455,1
coercivity,65127,1
coercivity,13548,1
coercivity,796,1
coercivity,9236,1
coercivity,14809,1
coercivity,8201,1
coercivity,479777,1
coercivity,3662,1
coercivity,418,1
coercivity,302,1
coercivity,193,1
coercivity,93,1
coercivity,256,1
coercivity,16,1
coercivity,47771,1
coercivity,39809,1
coercivity,278822,1
coercivity,266481,1
coercivity,284236,1
coercivity,88694,1
coercivity,269585,1
coercivity,264809,1
coercivity,264252,1
coercivity,107006,1
coercivity,94188,1
coercivity,88455,1
coercivity,89331,1
coercivity,86306,1
coercivity,3811,1
coercivity,6532,1
coercivity,9801,1
coercivity,55279,1
coercivity,2381,1
coercivity,2392,1
coercivity,8066,1
coercivity,5791,1
coercivity,3311,1
coercivity,60430,1
coercivity,63057,1
coercivity,320701,1
coercivity,378185,1
coercivity,14236,1
coercivity,37874,1
coercivity,39092,1
coercivity,39976,1
coercivity,102325,1
coercivity,31632,1
coercivity,2396,1
coercivity,1131,1
coercivity,5100,1
coercivity,417,1
coercivity,4140,1
coercivity,1837,1
coercivity,314968,1
coercivity,320541,1
coercivity,514172,1
coercivity,216959,1
coercivity,17100,1
coercivity,5700,1
coercivity,12000,1
coercivity,128185,1
coercivity,200637,1
coercivity,56529,1
coercivity,152070,1
coercivity,29015,1
coercivity,38174,1
coercivity,72349,1
coercivity,45112,1
coercivity,213816,1
coercivity,273493,1
coercivity,353001,1
coercivity,317898,1
coercivity,221105,1
coercivity,80766,1
coercivity,16015,1
coercivity,20625,1
coercivity,34161,1
coercivity,32807,1
coercivity,21979,1
coercivity,40116,1
coercivity,18850,1
coercivity,59516,1
coercivity,540,1
coercivity,5055,1
coercivity,15308,1
coercivity,24336,1
coercivity,22611,1
coercivity,233715,1
coercivity,939247,1
coercivity,220137,1
coercivity,33269,1
coercivity,44586,1
coercivity,42994,1
coercivity,210191,1
coercivity,211783,1
coercivity,30414,1
coercivity,152707,1
coercivity,45700,1
coercivity,90924,1
coercivity,46338,1
coercivity,61704,1
coercivity,65366,1
coercivity,338057,1
coercivity,502787,1
coercivity,622611,1
coercivity,76274,1
coercivity,982006,1
coercivity,1007404,1
coercivity,47134,1
coercivity,3422,1
coercivity,5730,1
coercivity,13290,1
coercivity,21248,1
coercivity,2387,1
coercivity,37721,1
coercivity,915.74x10^(-3),1
coercivity,806.72x10^(-3),1
coercivity,683.64x10^(-3),1
coercivity,166,1
coercivity,1910,1
coercivity,1035,1
coercivity,3104,1
coercivity,2547,1
coercivity,11778,1
coercivity,4933,1
coercivity,15518,1
coercivity,303995,1
coercivity,191878,1
coercivity,440873,1
coercivity,5428.32,1
coercivity,2306.33,1
coercivity,630.214,1
coercivity,194,1
coercivity,383,1
coercivity,487,1
coercivity,153,1
comment,Measurement,2
comment,thermal conductivity,1
comment,Sample c*,1
comment,Sample b*,1
comment,Sample c,1
comment,Sample d*,1
comment,Sample b,1
comment,Sample d,1
comment,Sample a*,1
comment,Sample e,1
comment,Sample a,1
composition type,nominal composition,349
composition type,alloy,137
composition type,analyzed,95
composition type,not described,9
composition type,ingot,4
composition type,melt,3
composition type,estimated,2
direction,-,21
direction,periodic direction,7
direction,quasicrystalline plane,6
direction,quasiperiodic direction,3
direction,3-fold symmetry direction,2
direction,5-fold symmetry direction,2
direction,2-fold symmetry direction,2
laser flash and different thermal analyzer,thermal diffusivity and specific heat capacity,2
lattice parameter,lattice parameter,19
lattice parameter,6d-lattice parameter,17
lattice parameter,lattice constant,6
lattice parameter,primitive cubic lattice,3
lattice parameter,face-centered cubic lattice,1
lattice parameter,quasi-lattice constant,1
magnetic field,100,160
magnetic field,0.05,69
magnetic field,500,67
magnetic field,5T,61
magnetic field,50,45
magnetic field,1000,42
magnetic field,0.1,38
magnetic field,5,31
magnetic field,1,27
magnetic field,0.01,23
magnetic field,0.5,22
magnetic field,0.02,19
magnetic field,20,16
magnetic field,10,16
magnetic field,2,16
magnetic field,10000,13
magnetic field,25,13
magnetic field,1T,11
magnetic field,200,11
magnetic field,12kOe,9
magnetic field,2T,8
magnetic field,3,8
magnetic field,0.9,8
magnetic field,0.4,7
magnetic field,0.2,7
magnetic field,800,7
magnetic field,7957.75,6
magnetic field,2000,6
magnetic field,4,6
magnetic field,0.8,6
magnetic field,100 Oe,4
magnetic field,7,4
magnetic field,2500,4
magnetic field,50 kOe,3
magnetic field,1.5,3
magnetic field,0.3,3
magnetic field,0.7,3
magnetic field,90,3
magnetic field,200 Oe,2
magnetic field,400 Oe,2
magnetic field,1000 Oe,2
magnetic field,800 Oe,2
magnetic field,600 Oe,2
magnetic field,12T,2
magnetic field,9T,2
magnetic field,2.3T,2
magnetic field,17500,2
magnetic field,12000,2
magnetic field,2.5,2
magnetic field,0.04,2
magnetic field,0,2
magnetic field,6,2
magnetic field,5000,2
magnetic field,350,2
magnetic field,773.15,1
magnetic field,1375Oe,1
magnetic field,550 Oe,1
magnetic field,825Oe,1
magnetic field,1100Oe,1
magnetic field,2000G,1
magnetic field,5000G,1
magnetic field,11000G,1
magnetic field,3T,1
magnetic field,Longitudinal pulse field HRL=6kA/m,1
magnetic field,Longitudinal pulse field HRL=11kA/m,1
magnetic field,Longitudinal pulse field HRL=14kA/m,1
magnetic field,Longitudinal pulse field HRL=5kA/m,1
magnetic field,Longitudinal pulse field HRL=8kA/m,1
magnetic field,30,1
magnetic field,-5T,1
magnetic field,0.4T,1
magnetic field,0.3T,1
magnetic field,0.25,1
magnetic field,9,1
magnetic field,2.2,1
magnetic field,1.6,1
magnetic field,0.005,1
magnetic field,3.2,1
magnetic field,80,1
measurement condition,-,465
measurement condition,electrical resistivity,46
oercivity,5826,1
other sample process info,arc-melting,157
other sample process info,induction-melting,58
other sample process info,-,53
other sample process info,water quenched,48
other sample process info,Bridgman technique,30
other sample process info,SPS,30
other sample process info,rapidly quenched,27
other sample process info,melt-spinning,26
other sample process info,Czochralski method,25
other sample process info,melt spun,24
other sample process info,electron-beam evaporation,17
other sample process info,slowly cooled,15
other sample process info,RF-induction,15
other sample process info,foating zone method,10
other sample process info,selfflux technique,9
other sample process info,mechanically alloyed,7
other sample process info,floating zone method,7
other sample process info,melt-quenching,6
other sample process info,hand milling,6
other sample process info,as quenched,5
other sample process info,Cd flux-growth method,5
other sample process info,flux growth,5
other sample process info,melt grown,4
other sample process info,hot-pressing,4
other sample process info,high-frequency furnace,4
other sample process info,vapor diffusion process,4
other sample process info,as grown,4
other sample process info,conventional casting,2
other sample process info,rapid solidification,2
other sample process info,rapidly cooling,2
other sample process info,MA-PDS,1
other sample process info,high-frequency induction melting,1
other sample process info,slow solidification,1
other sample process info,arc furnace,1
other sample process info,hammer and anvil method,1
other sample process info 2,rapidly solidified,12
other sample process info 2,melt-spinning,10
other sample process info 2,rapidly quenched,7
other sample process info 2,-,2
other sample process info 2,as-cast,1
other sample process info 2,arc furnace,1
remanence magnetion,0.02,8
remanence magnetion,0.2,6
remanence magnetion,low,5
remanence magnetion,22,5
remanence magnetion,28,5
remanence magnetion,32,5
remanence magnetion,33,5
remanence magnetion,0.3,5
remanence magnetion,0.004,5
remanence magnetion,37,5
remanence magnetion,0.25,4
remanence magnetion,0,4
remanence magnetion,21,4
remanence magnetion,24,4
remanence magnetion,0.8,4
remanence magnetion,0.21,3
remanence magnetion,0.9,3
remanence magnetion,3.9,3
remanence magnetion,4.6,3
remanence magnetion,53,3
remanence magnetion,0.28,3
remanence magnetion,0.01,3
remanence magnetion,30,3
remanence magnetion,26,3
remanence magnetion,20,3
remanence magnetion,4.23,3
remanence magnetion,19,3
remanence magnetion,25,3
remanence magnetion,6,3
remanence magnetion,7.38,3
remanence magnetion,0.0018,3
remanence magnetion,15.23,2
remanence magnetion,0.23,2
remanence magnetion,0.74,2
remanence magnetion,5.8,2
remanence magnetion,0.03,2
remanence magnetion,0.15,2
remanence magnetion,3.2,2
remanence magnetion,1.6,2
remanence magnetion,3.7,2
remanence magnetion,15.28,2
remanence magnetion,4.26,2
remanence magnetion,16.2,2
remanence magnetion,16,2
remanence magnetion,17,2
remanence magnetion,27,2
remanence magnetion,2.02,2
remanence magnetion,10.75,2
remanence magnetion,23.41,2
remanence magnetion,13.4,2
remanence magnetion,1.96,2
remanence magnetion,0.019,2
remanence magnetion,1.42,2
remanence magnetion,0.26,2
remanence magnetion,0.81,2
remanence magnetion,11.9,2
remanence magnetion,39,2
remanence magnetion,48.367,2
remanence magnetion,37.16,2
remanence magnetion,1.2,2
remanence magnetion,0.6,2
remanence magnetion,1.373,2
remanence magnetion,23.5,2
remanence magnetion,0.0036,2
remanence magnetion,0.0059,2
remanence magnetion,14.48,2
remanence magnetion,15.21,2
remanence magnetion,20.22,2
remanence magnetion,27.55,2
remanence magnetion,25.53,2
remanence magnetion,0.044,2
remanence magnetion,0.015,2
remanence magnetion,0.042,2
remanence magnetion,0.48,2
remanence magnetion,5.5,2
remanence magnetion,2,2
remanence magnetion,8.3796,2
remanence magnetion,0.025,2
remanence magnetion,22.4,2
remanence magnetion,0.039,2
remanence magnetion,0.006,2
remanence magnetion,0.07,2
remanence magnetion,10.5,2
remanence magnetion,4.8,2
remanence magnetion,0.434,2
remanence magnetion,0.17,2
remanence magnetion,0.0033,2
remanence magnetion,8,2
remanence magnetion,11.5,2
remanence magnetion,7.6,2
remanence magnetion,12.4,2
remanence magnetion,11,2
remanence magnetion,0.16,2
remanence magnetion,0.00011,2
remanence magnetion,56.4,2
remanence magnetion,5.7,2
remanence magnetion,0.074,2
remanence magnetion,13.9,2
remanence magnetion,1.56,2
remanence magnetion,0.00114,2
remanence magnetion,0.0028,2
remanence magnetion,0.14,2
remanence magnetion,0.13,2
remanence magnetion,0.66,2
remanence magnetion,0.341,2
remanence magnetion,0.098,2
remanence magnetion,0.137,2
remanence magnetion,0.201,2
remanence magnetion,8.5,2
remanence magnetion,0.38,2
remanence magnetion,4.76,2
remanence magnetion,2.72,2
remanence magnetion,0.88,2
remanence magnetion,0.11,2
remanence magnetion,10.8,1
remanence magnetion,almost negligible,1
remanence magnetion,11.56,1
remanence magnetion,20.39,1
remanence magnetion,0.27,1
remanence magnetion,0.24,1
remanence magnetion,2.68,1
remanence magnetion,4.66,1
remanence magnetion,4.86,1
remanence magnetion,8.29,1
remanence magnetion,0.00535,1
remanence magnetion,0.0092,1
remanence magnetion,0.0441,1
remanence magnetion,0.000077,1
remanence magnetion,0.0095,1
remanence magnetion,0.0799,1
remanence magnetion,2.6,1
remanence magnetion,0.96,1
remanence magnetion,0.33,1
remanence magnetion,2.9,1
remanence magnetion,2.1,1
remanence magnetion,0.4,1
remanence magnetion,7.2,1
remanence magnetion,2.2,1
remanence magnetion,0.18,1
remanence magnetion,30.341,1
remanence magnetion,20.317,1
remanence magnetion,29.02,1
remanence magnetion,26.72,1
remanence magnetion,17.37,1
remanence magnetion,5.30,1
remanence magnetion,2.03,1
remanence magnetion,17.15,1
remanence magnetion,11.26,1
remanence magnetion,3.26,1
remanence magnetion,5.71,1
remanence magnetion,5.942,1
remanence magnetion,6.74,1
remanence magnetion,6.91,1
remanence magnetion,6.2,1
remanence magnetion,6.34,1
remanence magnetion,6.5,1
remanence magnetion,14.3,1
remanence magnetion,15.4,1
remanence magnetion,17.8,1
remanence magnetion,1.34,1
remanence magnetion,6.37,1
remanence magnetion,12.89,1
remanence magnetion,11.31,1
remanence magnetion,10.78,1
remanence magnetion,5.79,1
remanence magnetion,11.97,1
remanence magnetion,4.3322,1
remanence magnetion,27.8003,1
remanence magnetion,17.2575,1
remanence magnetion,17.6373,1
remanence magnetion,30.1538,1
remanence magnetion,25.9064,1
remanence magnetion,9.7287,1
remanence magnetion,53.5,1
remanence magnetion,26.5,1
remanence magnetion,0.29016,1
remanence magnetion,2.2534,1
remanence magnetion,1.9476,1
remanence magnetion,0.82521,1
remanence magnetion,1.1598,1
remanence magnetion,1.1426,1
remanence magnetion,1.9664,1
remanence magnetion,3.6113,1
remanence magnetion,3.5599,1
remanence magnetion,0.99194,1
remanence magnetion,62.21,1
remanence magnetion,25.54,1
remanence magnetion,2.4,1
remanence magnetion,10.71,1
remanence magnetion,3.23,1
remanence magnetion,33.37,1
remanence magnetion,28.85,1
remanence magnetion,24.18,1
remanence magnetion,5.59,1
remanence magnetion,0.69,1
remanence magnetion,27.96,1
remanence magnetion,25.08,1
remanence magnetion,26.41,1
remanence magnetion,41.78,1
remanence magnetion,13.41,1
remanence magnetion,12.8,1
remanence magnetion,9.61,1
remanence magnetion,6.88,1
remanence magnetion,54.55,1
remanence magnetion,25.11,1
remanence magnetion,17.99,1
remanence magnetion,16.52,1
remanence magnetion,25.35,1
remanence magnetion,49.92,1
remanence magnetion,37.07,1
remanence magnetion,36.04,1
remanence magnetion,34.16,1
remanence magnetion,34.75,1
remanence magnetion,24.79,1
remanence magnetion,24.31,1
remanence magnetion,23.62,1
remanence magnetion,35.02,1
remanence magnetion,33.83,1
remanence magnetion,23.0606,1
remanence magnetion,19.7474,1
remanence magnetion,19.5835,1
remanence magnetion,7.7163,1
remanence magnetion,12.9342,1
remanence magnetion,9.5829,1
remanence magnetion,36,1
remanence magnetion,28.9,1
remanence magnetion,23.15,1
remanence magnetion,19.1,1
remanence magnetion,31.38,1
remanence magnetion,30.35,1
remanence magnetion,20.44,1
remanence magnetion,55,1
remanence magnetion,96,1
remanence magnetion,2.08,1
remanence magnetion,0.021,1
remanence magnetion,3.96,1
remanence magnetion,3.06,1
remanence magnetion,4.47,1
remanence magnetion,4.28,1
remanence magnetion,3.13,1
remanence magnetion,4.04,1
remanence magnetion,14.782,1
remanence magnetion,11.70,1
remanence magnetion,2.91,1
remanence magnetion,7.04,1
remanence magnetion,8.84,1
remanence magnetion,21.06,1
remanence magnetion,14.84,1
remanence magnetion,65.1,1
remanence magnetion,21.9,1
remanence magnetion,27.2,1
remanence magnetion,17.6,1
remanence magnetion,43.7,1
remanence magnetion,38.4,1
remanence magnetion,1.04,1
remanence magnetion,32.3,1
remanence magnetion,22.8,1
remanence magnetion,21.4,1
remanence magnetion,1.92,1
remanence magnetion,1.8,1
remanence magnetion,20.2,1
remanence magnetion,17.1,1
remanence magnetion,0.9169,1
remanence magnetion,1.582,1
remanence magnetion,0.5618,1
remanence magnetion,4.56,1
remanence magnetion,9.19,1
remanence magnetion,10.88,1
remanence magnetion,"8,71",1
remanence magnetion,1.347,1
remanence magnetion,1.1394,1
remanence magnetion,1.2568,1
remanence magnetion,1.4133,1
remanence magnetion,2.38,1
remanence magnetion,3.28,1
remanence magnetion,2.5,1
remanence magnetion,1.69,1
remanence magnetion,0.00233,1
remanence magnetion,0.00091,1
remanence magnetion,0.00047,1
remanence magnetion,0.00172,1
remanence magnetion,41,1
remanence magnetion,13,1
remanence magnetion,0.057,1
remanence magnetion,2.05,1
remanence magnetion,76.91,1
remanence magnetion,79.47,1
remanence magnetion,73.93,1
remanence magnetion,23.42,1
remanence magnetion,26.12,1
remanence magnetion,43.83,1
remanence magnetion,32.57,1
remanence magnetion,13.58,1
remanence magnetion,9.92,1
remanence magnetion,10.41,1
remanence magnetion,35.4,1
remanence magnetion,46.499,1
remanence magnetion,20.87,1
remanence magnetion,15.62,1
remanence magnetion,5.432,1
remanence magnetion,5.531,1
remanence magnetion,8.793,1
remanence magnetion,10.551,1
remanence magnetion,0.92*10^(-4),1
remanence magnetion,1.30*10^(-4),1
remanence magnetion,31.6,1
remanence magnetion,36.4,1
remanence magnetion,37.5,1
remanence magnetion,49.97,1
remanence magnetion,39.3,1
remanence magnetion,34.71,1
remanence magnetion,48.25,1
remanence magnetion,55.75,1
remanence magnetion,0.064,1
remanence magnetion,0.007,1
remanence magnetion,2.84,1
remanence magnetion,0.148,1
remanence magnetion,15.6,1
remanence magnetion,0.1,1
remanence magnetion,2.391,1
remanence magnetion,0.860,1
remanence magnetion,37.86,1
remanence magnetion,38.88,1
remanence magnetion,40.77,1
remanence magnetion,42.68,1
remanence magnetion,49.45,1
remanence magnetion,44.07,1
remanence magnetion,49.94,1
remanence magnetion,70.90,1
remanence magnetion,74.97,1
remanence magnetion,24.2,1
remanence magnetion,7.34,1
remanence magnetion,18.22,1
remanence magnetion,21.7,1
remanence magnetion,26.1,1
remanence magnetion,13.5,1
remanence magnetion,2.664,1
remanence magnetion,1.129,1
remanence magnetion,1.027,1
remanence magnetion,5.522,1
remanence magnetion,4.629,1
remanence magnetion,7.65*10^(-5),1
remanence magnetion,6.04*10^(-5),1
remanence magnetion,5.72*10^(-5),1
remanence magnetion,5.48*10^(-5),1
remanence magnetion,24.65,1
remanence magnetion,23.02,1
remanence magnetion,24.72,1
remanence magnetion,28.01,1
remanence magnetion,24.24,1
remanence magnetion,17.03,1
remanence magnetion,22.62,1
remanence magnetion,23.93,1
remanence magnetion,27.713,1
remanence magnetion,3.001,1
remanence magnetion,4.416,1
remanence magnetion,1.934,1
remanence magnetion,4.87,1
remanence magnetion,1.309,1
remanence magnetion,2.554,1
remanence magnetion,"1,929",1
remanence magnetion,19.79,1
remanence magnetion,15.48,1
remanence magnetion,25.2,1
remanence magnetion,21.2,1
remanence magnetion,23.8,1
remanence magnetion,26.4,1
remanence magnetion,0.0001,1
remanence magnetion,0.0182,1
remanence magnetion,0.0554,1
remanence magnetion,0.012,1
remanence magnetion,0.011,1
remanence magnetion,0.95,1
remanence magnetion,0.001919,1
remanence magnetion,0.0035,1
remanence magnetion,0.003015,1
remanence magnetion,10.92,1
remanence magnetion,0.413,1
remanence magnetion,0.067,1
remanence magnetion,0.093,1
remanence magnetion,0.016,1
remanence magnetion,0.029,1
remanence magnetion,0.010,1
remanence magnetion,6.24,1
remanence magnetion,5.69,1
remanence magnetion,94.28,1
remanence magnetion,7.84,1
remanence magnetion,5.38,1
remanence magnetion,31.712,1
remanence magnetion,17.884,1
remanence magnetion,52.519,1
remanence magnetion,147223,1
remanence magnetion,198154.2,1
remanence magnetion,216457.6,1
remanence magnetion,210091.2,1
remanence magnetion,1500,1
remanence magnetion,1900,1
remanence magnetion,6.1,1
remanence magnetion,18.2,1
remanence magnetion,9.2,1
remanence magnetion,12.5,1
remanence magnetion,25.8,1
remanence magnetion,0.57,1
remanence magnetion,0.53,1
remanence magnetion,0.049,1
remanence magnetion,18,1
remanence magnetion,21.6,1
remanence magnetion,18.3,1
remanence magnetion,72.86,1
remanence magnetion,73.84,1
remanence magnetion,4.9,1
remanence magnetion,28.8,1
remanence magnetion,2.7,1
remanence magnetion,8.681,1
remanence magnetion,10.596,1
remanence magnetion,9.11371,1
remanence magnetion,3.7637,1
remanence magnetion,2.2586,1
remanence magnetion,11.855,1
remanence magnetion,5.3,1
remanence magnetion,0.028,1
remanence magnetion,15.858,1
remanence magnetion,32.24,1
remanence magnetion,19.22,1
remanence magnetion,16.59,1
remanence magnetion,15.29,1
remanence magnetion,13.2,1
remanence magnetion,3.75*10^(-4),1
remanence magnetion,3.05*10^(-4),1
remanence magnetion,16.9*10^(-4),1
remanence magnetion,216,1
remanence magnetion,3.14,1
remanence magnetion,28.43,1
remanence magnetion,0.06,1
remanence magnetion,0.29,1
remanence magnetion,5.41,1
remanence magnetion,14.5,1
remanence magnetion,0.7*10^(-3),1
remanence magnetion,2.2*10^(-3),1
remanence magnetion,5.7*10^(-3),1
remanence magnetion,70,1
remanence magnetion,9.6,1
remanence magnetion,7.1,1
remanence magnetion,1.948,1
remanence magnetion,3.35,1
remanence magnetion,2.484,1
remanence magnetion,0.00019,1
remanence magnetion,0.00016,1
remanence magnetion,3.27,1
remanence magnetion,0.47,1
remanence magnetion,0.0007,1
remanence magnetion,0.4187,1
remanence magnetion,0.1549,1
remanence magnetion,7.5,1
remanence magnetion,9.4,1
remanence magnetion,8.2,1
remanence magnetion,1.1,1
remanence magnetion,24.513,1
remanence magnetion,20.246,1
remanence magnetion,16.972,1
remanence magnetion,32.433,1
remanence magnetion,13.706,1
remanence magnetion,62.46,1
remanence magnetion,55.83,1
remanence magnetion,61.06,1
remanence magnetion,53.51,1
remanence magnetion,55.37,1
remanence magnetion,1.66,1
remanence magnetion,1.277,1
remanence magnetion,1.39,1
remanence magnetion,8.78,1
remanence magnetion,29.2,1
remanence magnetion,29.4,1
remanence magnetion,29.3,1
remanence magnetion,36.8,1
remanence magnetion,60,1
remanence magnetion,11.74,1
remanence magnetion,0.009,1
remanence magnetion,0.804,1
remanence magnetion,2.13,1
remanence magnetion,6.99,1
remanence magnetion,19.92,1
remanence magnetion,95500,1
remanence magnetion,175000,1
remanence magnetion,0.00013,1
remanence magnetion,67.5,1
remanence magnetion,37.8,1
remanence magnetion,84,1
remanence magnetion,10,1
remanence magnetion,12,1
remanence magnetion,2.78,1
remanence magnetion,2.95,1
remanence magnetion,2.74,1
remanence magnetion,52.9,1
remanence magnetion,85.3,1
remanence magnetion,25.5,1
remanence magnetion,0.082,1
remanence magnetion,2.65,1
remanence magnetion,9.58,1
remanence magnetion,1.88,1
remanence magnetion,1.43,1
remanence magnetion,1.17,1
remanence magnetion,0.63,1
remanence magnetion,126,1
remanence magnetion,101,1
remanence magnetion,80,1
remanence magnetion,3.22,1
remanence magnetion,4.83,1
remanence magnetion,0.51,1
remanence magnetion,6.348,1
remanence magnetion,16.22,1
remanence magnetion,3.46,1
remanence magnetion,0.975,1
remanence magnetion,6.311,1
remanence magnetion,34.36,1
remanence magnetion,39.61,1
remanence magnetion,41.94,1
remanence magnetion,48.74,1
remanence magnetion,32.73,1
remanence magnetion,0.0052,1
remanence magnetion,0.0159,1
remanence magnetion,0.0366,1
remanence magnetion,0.0614,1
remanence magnetion,0.0071,1
remanence magnetion,0.0008,1
remanence magnetion,0.0043,1
remanence magnetion,0.0175,1
remanence magnetion,47.9,1
remanence magnetion,46.9,1
remanence magnetion,44.7,1
remanence magnetion,49.4,1
remanence magnetion,49.8,1
remanence magnetion,49.1,1
remanence magnetion,47.6,1
remanence magnetion,46,1
remanence magnetion,0.094,1
remanence magnetion,0.253,1
remanence magnetion,0.115,1
remanence magnetion,0.314,1
remanence magnetion,0.545,1
remanence magnetion,0.221,1
remanence magnetion,0.1713,1
remanence magnetion,5.3416,1
remanence magnetion,12.4023,1
remanence magnetion,8.0843,1
remanence magnetion,11.667,1
remanence magnetion,9.0478,1
remanence magnetion,14.6,1
remanence magnetion,0.0244,1
remanence magnetion,0.0268,1
remanence magnetion,0.0209,1
remanence magnetion,0.0178,1
remanence magnetion,21.82,1
remanence magnetion,30.14,1
remanence magnetion,28.75,1
remanence magnetion,27.01,1
remanence magnetion,26.99,1
remanence magnetion,32.33,1
remanence magnetion,27.805,1
remanence magnetion,25005,1
remanence magnetion,26.576,1
remanence magnetion,16.607,1
remanence magnetion,19.816,1
remanence magnetion,14.63,1
remanence magnetion,13.93,1
remanence magnetion,13.12,1
remanence magnetion,12.1,1
remanence magnetion,10.77,1
remanence magnetion,0.00123,1
remanence magnetion,0.00120,1
remanence magnetion,0.00148,1
remanence magnetion,0.00052,1
remanence magnetion,0.00143,1
remanence magnetion,0.00174,1
remanence magnetion,0.00137,1
remanence magnetion,0.00260,1
remanence magnetion,0.017,1
remanence magnetion,0.00046,1
remanence magnetion,7.82,1
remanence magnetion,5.65,1
remanence magnetion,6.6,1
remanence magnetion,8.38,1
remanence magnetion,5.4,1
remanence magnetion,0.0201,1
remanence magnetion,0.0032,1
remanence magnetion,0.0635,1
remanence magnetion,0.036,1
remanence magnetion,0.163,1
remanence magnetion,0.168,1
remanence magnetion,0.289,1
remanence magnetion,0.022,1
remanence magnetion,0.736,1
remanence magnetion,0.113,1
remanence magnetion,0.465,1
remanence magnetion,1.4,1
remanence magnetion,2.97,1
remanence magnetion,1.18,1
remanence magnetion,2.09,1
remanence magnetion,1.25,1
remanence magnetion,0.2305,1
remanence magnetion,0.1721,1
remanence magnetion,0.125,1
remanence magnetion,1.78,1
remanence magnetion,1.28,1
remanence magnetion,2.42,1
remanence magnetion,0.0026,1
remanence magnetion,0.37,1
remanence magnetion,0.0027,1
remanence magnetion,0.0147,1
remanence magnetion,0.00083,1
remanence magnetion,3.4,1
remanence magnetion,9.7,1
remanence magnetion,3.5,1
remanence magnetion,18.87,1
remanence magnetion,21.84,1
remanence magnetion,14.16,1
remanence magnetion,13.45,1
remanence magnetion,10.55,1
remanence magnetion,2.25,1
remanence magnetion,47.3,1
remanence magnetion,48.6,1
remanence magnetion,45.7,1
remanence magnetion,10.1,1
remanence magnetion,1.482,1
remanence magnetion,0.537,1
remanence magnetion,1.664,1
remanence magnetion,0.745,1
remanence magnetion,2.245,1
remanence magnetion,5.67,1
remanence magnetion,0.5,1
remanence magnetion,7500,1
remanence magnetion,5,1
remanence magnetion,7,1
remanence magnetion,36.79,1
remanence magnetion,20.89,1
remanence magnetion,18.89,1
remanence magnetion,2.11,1
remanence magnetion,5.73,1
remanence magnetion,3.69,1
remanence magnetion,1.31,1
remanence magnetion,4.52,1
remanence magnetion,3.98,1
remanence magnetion,31.85,1
remanence magnetion,28.5,1
remanence magnetion,27.8,1
remanence magnetion,0.00187,1
remanence magnetion,0.00027,1
remanence magnetion,0.00617,1
remanence magnetion,0.005,1
remanence magnetion,0.0047,1
remanence magnetion,0.841,1
remanence magnetion,0.00407,1
remanence magnetion,1.23,1
remanence magnetion,4.5,1
remanence magnetion,0.00437,1
remanence magnetion,0.073597,1
remanence magnetion,7.9,1
remanence magnetion,0.0004,1
remanence magnetion,0.12,1
remanence magnetion,0.031,1
remanence magnetion,0.018,1
remanence magnetion,0.334,1
remanence magnetion,0.00202,1
remanence magnetion,0.00622,1
remanence magnetion,0.00763,1
remanence magnetion,0.0101,1
remanence magnetion,0.0334,1
remanence magnetion,0.0533,1
remanence magnetion,0.22551,1
remanence magnetion,0.07783,1
remanence magnetion,0.86676,1
remanence magnetion,0.02644,1
remanence magnetion,0.83,1
remanence magnetion,0.92,1
remanence magnetion,1.82,1
remanence magnetion,44.5,1
remanence magnetion,22.41,1
remanence magnetion,14.95,1
remanence magnetion,59.22,1
remanence magnetion,22.19,1
remanence magnetion,48.31,1
remanence magnetion,0.1043,1
remanence magnetion,0.106,1
remanence magnetion,0.104,1
remanence magnetion,16.826,1
remanence magnetion,22.073,1
remanence magnetion,25.677,1
remanence magnetion,27.529,1
remanence magnetion,28.849,1
remanence magnetion,28.396,1
remanence magnetion,20.131,1
remanence magnetion,5.3787,1
remanence magnetion,18.46,1
remanence magnetion,94.34,1
remanence magnetion,38.89,1
remanence magnetion,76.83,1
remanence magnetion,0.0000055,1
remanence magnetion,0.0001955,1
remanence magnetion,0.0005743,1
remanence magnetion,6.18,1
remanence magnetion,14.96,1
remanence magnetion,0.339,1
remanence magnetion,0.276,1
remanence magnetion,0.178,1
remanence magnetion,46.46,1
remanence magnetion,3.47,1
remanence magnetion,14.14,1
remanence magnetion,0.98,1
remanence magnetion,3.601,1
remanence magnetion,23.022,1
remanence magnetion,5.955,1
remanence magnetion,8.257,1
remanence magnetion,0.1088,1
remanence magnetion,0.0352,1
remanence magnetion,0.072,1
remanence magnetion,0.22,1
remanence magnetion,0.45,1
remanence magnetion,0.31,1
remanence magnetion,0.003,1
remanence magnetion,0.023,1
remanence magnetion,0.04,1
remanence magnetion,0.05,1
remanence magnetion,11.2,1
remanence magnetion,4.2,1
remanence magnetion,33.5,1
remanence magnetion,22.5,1
remanence magnetion,32.7,1
remanence magnetion,16.8,1
remanence magnetion,0.045x10^(-3),1
remanence magnetion,0.052x10^(-3),1
remanence magnetion,0.068x10^(-3),1
remanence magnetion,44,1
remanence magnetion,81,1
remanence magnetion,33.44,1
remanence magnetion,32.54,1
remanence magnetion,23.39,1
remanence magnetion,37.26,1
remanence magnetion,35.29,1
remanence magnetion,34.52,1
remanence magnetion,35.66,1
sample info,-,387
saturation magnetization,67,6
saturation magnetization,37,5
saturation magnetization,42,5
saturation magnetization,71,4
saturation magnetization,68,4
saturation magnetization,52,4
saturation magnetization,60,4
saturation magnetization,90,4
saturation magnetization,79,4
saturation magnetization,74,4
saturation magnetization,0.61,3
saturation magnetization,114,3
saturation magnetization,0.063,3
saturation magnetization,52.3,3
saturation magnetization,43.3,3
saturation magnetization,72.5,3
saturation magnetization,69,3
saturation magnetization,14.7,3
saturation magnetization,43,3
saturation magnetization,53,3
saturation magnetization,50,3
saturation magnetization,109,3
saturation magnetization,122,3
saturation magnetization,54,3
saturation magnetization,49.3,3
saturation magnetization,102,3
saturation magnetization,38,3
saturation magnetization,0.12,3
saturation magnetization,0.07,3
saturation magnetization,22.1,2
saturation magnetization,86,2
saturation magnetization,61,2
saturation magnetization,21.5,2
saturation magnetization,5.66,2
saturation magnetization,2.6,2
saturation magnetization,158.3,2
saturation magnetization,0.63,2
saturation magnetization,307780,2
saturation magnetization,347330,2
saturation magnetization,157630,2
saturation magnetization,229130,2
saturation magnetization,111,2
saturation magnetization,78.49,2
saturation magnetization,112,2
saturation magnetization,62.2,2
saturation magnetization,48.1,2
saturation magnetization,54.7,2
saturation magnetization,46.2,2
saturation magnetization,72.6,2
saturation magnetization,62.6,2
saturation magnetization,42.99,2
saturation magnetization,17.52,2
saturation magnetization,73,2
saturation magnetization,61.9,2
saturation magnetization,84.65,2
saturation magnetization,144,2
saturation magnetization,169,2
saturation magnetization,135.4,2
saturation magnetization,88,2
saturation magnetization,45,2
saturation magnetization,70,2
saturation magnetization,62,2
saturation magnetization,69.2,2
saturation magnetization,39.5,2
saturation magnetization,34,2
saturation magnetization,0.0087,2
saturation magnetization,39,2
saturation magnetization,32,2
saturation magnetization,87,2
saturation magnetization,119,2
saturation magnetization,0.08,2
saturation magnetization,42.75,2
saturation magnetization,35.4,2
saturation magnetization,32.2,2
saturation magnetization,26.9,2
saturation magnetization,36.8,2
saturation magnetization,84.1,2
saturation magnetization,47.2,2
saturation magnetization,24.5,2
saturation magnetization,63.7,2
saturation magnetization,69.5,2
saturation magnetization,26.32,2
saturation magnetization,27.15,2
saturation magnetization,35.6,2
saturation magnetization,66.34,2
saturation magnetization,44.98,2
saturation magnetization,46,2
saturation magnetization,66,2
saturation magnetization,31,2
saturation magnetization,26.8,2
saturation magnetization,65,2
saturation magnetization,55,2
saturation magnetization,51,2
saturation magnetization,103,2
saturation magnetization,18.5,2
saturation magnetization,23.455,2
saturation magnetization,22.8,2
saturation magnetization,8.8,2
saturation magnetization,151,2
saturation magnetization,46.6,2
saturation magnetization,75,2
saturation magnetization,72,2
saturation magnetization,85,2
saturation magnetization,33.6,2
saturation magnetization,27.3,2
saturation magnetization,41.6,2
saturation magnetization,32.8,2
saturation magnetization,17.2,2
saturation magnetization,77,2
saturation magnetization,132,2
saturation magnetization,95,2
saturation magnetization,55.7,2
saturation magnetization,4.3,2
saturation magnetization,83.7,2
saturation magnetization,0.2,2
saturation magnetization,40.5,2
saturation magnetization,168.4,2
saturation magnetization,0.078,2
saturation magnetization,4.07,2
saturation magnetization,37.9,2
saturation magnetization,27.4,2
saturation magnetization,34.7,2
saturation magnetization,47,2
saturation magnetization,12.04,2
saturation magnetization,21.38,2
saturation magnetization,13.66,2
saturation magnetization,4.53,2
saturation magnetization,38.41,2
saturation magnetization,9.77,1
saturation magnetization,28.50,1
saturation magnetization,26.28,1
saturation magnetization,24.90,1
saturation magnetization,32.22,1
saturation magnetization,23.86,1
saturation magnetization,13.62,1
saturation magnetization,57.8,1
saturation magnetization,107,1
saturation magnetization,10,1
saturation magnetization,28.34,1
saturation magnetization,1.14,1
saturation magnetization,1.51,1
saturation magnetization,1.98,1
saturation magnetization,2.07,1
saturation magnetization,1.8,1
saturation magnetization,4.84,1
saturation magnetization,14.31,1
saturation magnetization,3.5,1
saturation magnetization,5.97,1
saturation magnetization,0.79,1
saturation magnetization,19.66,1
saturation magnetization,155.04,1
saturation magnetization,38.42,1
saturation magnetization,34.25,1
saturation magnetization,0.73,1
saturation magnetization,0.59,1
saturation magnetization,0.65,1
saturation magnetization,59.1,1
saturation magnetization,50.56,1
saturation magnetization,42.94,1
saturation magnetization,36.89,1
saturation magnetization,35.02,1
saturation magnetization,32.7,1
saturation magnetization,78.03,1
saturation magnetization,81.22,1
saturation magnetization,104,1
saturation magnetization,91,1
saturation magnetization,72.62,1
saturation magnetization,65.21,1
saturation magnetization,55.2,1
saturation magnetization,64.4,1
saturation magnetization,57.4,1
saturation magnetization,2,1
saturation magnetization,3.7,1
saturation magnetization,0.0121,1
saturation magnetization,0.0194,1
saturation magnetization,0.0123,1
saturation magnetization,0.0365,1
saturation magnetization,0.106,1
saturation magnetization,41.3,1
saturation magnetization,50.2,1
saturation magnetization,81,1
saturation magnetization,135,1
saturation magnetization,67.2,1
saturation magnetization,65.8,1
saturation magnetization,74.3,1
saturation magnetization,72.4,1
saturation magnetization,18.45,1
saturation magnetization,70.39,1
saturation magnetization,10.46,1
saturation magnetization,63.82,1
saturation magnetization,9.65,1
saturation magnetization,35.85,1
saturation magnetization,10.63,1
saturation magnetization,37.83,1
saturation magnetization,56.58,1
saturation magnetization,11.23,1
saturation magnetization,55.492,1
saturation magnetization,36.789,1
saturation magnetization,66.61,1
saturation magnetization,60.42,1
saturation magnetization,46.89,1
saturation magnetization,188.5,1
saturation magnetization,155.9,1
saturation magnetization,161.3,1
saturation magnetization,173.7,1
saturation magnetization,27.35,1
saturation magnetization,20.93,1
saturation magnetization,27.37,1
saturation magnetization,33.24,1
saturation magnetization,63,1
saturation magnetization,2.001,1
saturation magnetization,8.23,1
saturation magnetization,13.67,1
saturation magnetization,14.25,1
saturation magnetization,20.07,1
saturation magnetization,17.11,1
saturation magnetization,18.26,1
saturation magnetization,19.9,1
saturation magnetization,17.48,1
saturation magnetization,59.4,1
saturation magnetization,51.6,1
saturation magnetization,56.3,1
saturation magnetization,1.93,1
saturation magnetization,6.1,1
saturation magnetization,89.95,1
saturation magnetization,136,1
saturation magnetization,92.82,1
saturation magnetization,8.4698,1
saturation magnetization,38.3544,1
saturation magnetization,32.7354,1
saturation magnetization,24.852,1
saturation magnetization,39.1642,1
saturation magnetization,37.9974,1
saturation magnetization,22.7854,1
saturation magnetization,159,1
saturation magnetization,15.591,1
saturation magnetization,27.128,1
saturation magnetization,16.229,1
saturation magnetization,23.340,1
saturation magnetization,25.252,1
saturation magnetization,28.487,1
saturation magnetization,28.014,1
saturation magnetization,28.508,1
saturation magnetization,21.140,1
saturation magnetization,3.3239,1
saturation magnetization,101,1
saturation magnetization,44.52,1
saturation magnetization,57.44,1
saturation magnetization,39.11,1
saturation magnetization,130.36,1
saturation magnetization,116.56,1
saturation magnetization,119.33,1
saturation magnetization,101.3,1
saturation magnetization,92.11,1
saturation magnetization,126.97,1
saturation magnetization,84.78,1
saturation magnetization,81.66,1
saturation magnetization,50.61,1
saturation magnetization,50.71,1
saturation magnetization,3.42,1
saturation magnetization,23.83,1
saturation magnetization,5.44,1
saturation magnetization,59.66,1
saturation magnetization,49.41,1
saturation magnetization,41.18,1
saturation magnetization,37.81,1
saturation magnetization,2.49,1
saturation magnetization,47.95,1
saturation magnetization,42.87,1
saturation magnetization,45.31,1
saturation magnetization,70.07,1
saturation magnetization,62.79,1
saturation magnetization,61.4,1
saturation magnetization,76.95,1
saturation magnetization,64.08,1
saturation magnetization,50.08,1
saturation magnetization,97.86,1
saturation magnetization,89.94,1
saturation magnetization,87.73,1
saturation magnetization,86.72,1
saturation magnetization,52.81,1
saturation magnetization,103.01,1
saturation magnetization,75.56,1
saturation magnetization,73.55,1
saturation magnetization,70.21,1
saturation magnetization,68.94,1
saturation magnetization,50.95,1
saturation magnetization,50.72,1
saturation magnetization,49.75,1
saturation magnetization,49.1,1
saturation magnetization,70.61,1
saturation magnetization,69.54,1
saturation magnetization,44.65,1
saturation magnetization,45.24,1
saturation magnetization,44.83,1
saturation magnetization,17.17,1
saturation magnetization,39.99,1
saturation magnetization,20.39,1
saturation magnetization,0.05,1
saturation magnetization,56.67,1
saturation magnetization,43.68,1
saturation magnetization,34.11,1
saturation magnetization,64.43,1
saturation magnetization,60.71,1
saturation magnetization,38.58,1
saturation magnetization,60.04,1
saturation magnetization,62.78,1
saturation magnetization,49.83,1
saturation magnetization,49.31,1
saturation magnetization,66.07,1
saturation magnetization,36.19,1
saturation magnetization,153.45,1
saturation magnetization,130.97,1
saturation magnetization,116.48,1
saturation magnetization,168.06,1
saturation magnetization,117.1,1
saturation magnetization,111.6,1
saturation magnetization,131.8,1
saturation magnetization,138.1,1
saturation magnetization,35.89,1
saturation magnetization,26.39,1
saturation magnetization,40.09,1
saturation magnetization,33.87,1
saturation magnetization,14.68,1
saturation magnetization,24.16,1
saturation magnetization,28.52,1
saturation magnetization,48.88,1
saturation magnetization,35.01,1
saturation magnetization,53.37,1
saturation magnetization,51.64,1
saturation magnetization,70.44,1
saturation magnetization,53.30,1
saturation magnetization,58.18,1
saturation magnetization,55.26,1
saturation magnetization,59.42,1
saturation magnetization,270,1
saturation magnetization,200,1
saturation magnetization,440,1
saturation magnetization,500,1
saturation magnetization,465,1
saturation magnetization,300,1
saturation magnetization,160,1
saturation magnetization,176,1
saturation magnetization,230,1
saturation magnetization,480,1
saturation magnetization,52.8,1
saturation magnetization,54.6,1
saturation magnetization,51.9,1
saturation magnetization,27.7,1
saturation magnetization,84.7,1
saturation magnetization,57,1
saturation magnetization,55.5,1
saturation magnetization,45.7,1
saturation magnetization,33.9,1
saturation magnetization,88.3,1
saturation magnetization,3.2832,1
saturation magnetization,3.0547,1
saturation magnetization,2.6222,1
saturation magnetization,18.12,1
saturation magnetization,36.39,1
saturation magnetization,"31,79",1
saturation magnetization,47.894,1
saturation magnetization,15.194,1
saturation magnetization,24.562,1
saturation magnetization,32.314,1
saturation magnetization,7.24,1
saturation magnetization,11.01,1
saturation magnetization,8.68,1
saturation magnetization,6.21,1
saturation magnetization,0.0329,1
saturation magnetization,0.0025,1
saturation magnetization,0.0215,1
saturation magnetization,64,1
saturation magnetization,49,1
saturation magnetization,123,1
saturation magnetization,198,1
saturation magnetization,1.37,1
saturation magnetization,0.17,1
saturation magnetization,32.1,1
saturation magnetization,0.81,1
saturation magnetization,0.35,1
saturation magnetization,4.78*10^(-6),1
saturation magnetization,61.01,1
saturation magnetization,58,1
saturation magnetization,90.87,1
saturation magnetization,56.18,1
saturation magnetization,42.89,1
saturation magnetization,56.42,1
saturation magnetization,33.81,1
saturation magnetization,33.27,1
saturation magnetization,47.81,1
saturation magnetization,56.25,1
saturation magnetization,57.21,1
saturation magnetization,52.63,1
saturation magnetization,47.53,1
saturation magnetization,47.4,1
saturation magnetization,43.56,1
saturation magnetization,4.89,1
saturation magnetization,0.14,1
saturation magnetization,40.073,1
saturation magnetization,43.295,1
saturation magnetization,52.687,1
saturation magnetization,50.051,1
saturation magnetization,16.16,1
saturation magnetization,58.6,1
saturation magnetization,59.8,1
saturation magnetization,57.15,1
saturation magnetization,63.51,1
saturation magnetization,45.9,1
saturation magnetization,41.8,1
saturation magnetization,219,1
saturation magnetization,22.162,1
saturation magnetization,21.273,1
saturation magnetization,48,1
saturation magnetization,5.091,1
saturation magnetization,6.79,1
saturation magnetization,0.327,1
saturation magnetization,21.9,1
saturation magnetization,29.9,1
saturation magnetization,30.3,1
saturation magnetization,44,1
saturation magnetization,49.2,1
saturation magnetization,23.6,1
saturation magnetization,33.2,1
saturation magnetization,63.2,1
saturation magnetization,55.1,1
saturation magnetization,105.3,1
saturation magnetization,146.1,1
saturation magnetization,"155,6",1
saturation magnetization,162.6,1
saturation magnetization,32.4,1
saturation magnetization,9.2,1
saturation magnetization,23.5,1
saturation magnetization,2.9,1
saturation magnetization,73.2,1
saturation magnetization,47.1,1
saturation magnetization,137.57,1
saturation magnetization,138.26,1
saturation magnetization,92.18,1
saturation magnetization,96.22,1
saturation magnetization,94.12,1
saturation magnetization,40.94,1
saturation magnetization,33.32,1
saturation magnetization,24.58,1
saturation magnetization,26.58,1
saturation magnetization,18.98,1
saturation magnetization,34.5214,1
saturation magnetization,32.44,1
saturation magnetization,"7,22*10^(-4)",1
saturation magnetization,7.32*10^(-4),1
saturation magnetization,7.20+10^(-4),1
saturation magnetization,8.35*10^(-4),1
saturation magnetization,47.71,1
saturation magnetization,46.13,1
saturation magnetization,45.02,1
saturation magnetization,45.6,1
saturation magnetization,52.02,1
saturation magnetization,32.01,1
saturation magnetization,67.15,1
saturation magnetization,44.72,1
saturation magnetization,51.71,1
saturation magnetization,"44,188",1
saturation magnetization,4.776,1
saturation magnetization,2.168,1
saturation magnetization,7.022,1
saturation magnetization,2.975,1
saturation magnetization,7.822,1
saturation magnetization,2.016,1
saturation magnetization,4.028,1
saturation magnetization,3.006,1
saturation magnetization,55.3,1
saturation magnetization,53.6,1
saturation magnetization,71.1,1
saturation magnetization,68.5,1
saturation magnetization,67.1,1
saturation magnetization,73.5,1
saturation magnetization,18370,1
saturation magnetization,0.0498,1
saturation magnetization,0.297,1
saturation magnetization,0.054,1
saturation magnetization,0.155,1
saturation magnetization,0.157,1
saturation magnetization,52.49,1
saturation magnetization,22.98,1
saturation magnetization,0.31,1
saturation magnetization,1.16,1
saturation magnetization,0.56,1
saturation magnetization,0.92,1
saturation magnetization,100.76,1
saturation magnetization,102.13,1
saturation magnetization,99.51,1
saturation magnetization,94.28,1
saturation magnetization,99.04,1
saturation magnetization,103.19,1
saturation magnetization,46.12,1
saturation magnetization,89.226,1
saturation magnetization,51.415,1
saturation magnetization,124.575,1
saturation magnetization,218845,1
saturation magnetization,172,1
saturation magnetization,11.1,1
saturation magnetization,19.1,1
saturation magnetization,14.3,1
saturation magnetization,62.5,1
saturation magnetization,59,1
saturation magnetization,22.9,1
saturation magnetization,33.8,1
saturation magnetization,25.4,1
saturation magnetization,16.5,1
saturation magnetization,8.9,1
saturation magnetization,7.7,1
saturation magnetization,28.4,1
saturation magnetization,76,1
saturation magnetization,52.9,1
saturation magnetization,47.8,1
saturation magnetization,15.1,1
saturation magnetization,13.3,1
saturation magnetization,60.9,1
saturation magnetization,80,1
saturation magnetization,25,1
saturation magnetization,18,1
saturation magnetization,34.271,1
saturation magnetization,36.862,1
saturation magnetization,26.938,1
saturation magnetization,11.774,1
saturation magnetization,8.338,1
saturation magnetization,45.869,1
saturation magnetization,158.58,1
saturation magnetization,145.05,1
saturation magnetization,140.58,1
saturation magnetization,126.83,1
saturation magnetization,154.64,1
saturation magnetization,148.30,1
saturation magnetization,0.016,1
saturation magnetization,0.105,1
saturation magnetization,0.425,1
saturation magnetization,0.495,1
saturation magnetization,0.275,1
saturation magnetization,76.508,1
saturation magnetization,59.28,1
saturation magnetization,45.053,1
saturation magnetization,43.912,1
saturation magnetization,33.99,1
saturation magnetization,24.3,1
saturation magnetization,42.6,1
saturation magnetization,0.027,1
saturation magnetization,0.234,1
saturation magnetization,0.006,1
saturation magnetization,245,1
saturation magnetization,171.33,1
saturation magnetization,202,1
saturation magnetization,159.15,1
saturation magnetization,209.9,1
saturation magnetization,207.3,1
saturation magnetization,212.4,1
saturation magnetization,221.4,1
saturation magnetization,73.84,1
saturation magnetization,0.51,1
saturation magnetization,1.36,1
saturation magnetization,0.509,1
saturation magnetization,0.04,1
saturation magnetization,2.01,1
saturation magnetization,0.34,1
saturation magnetization,117,1
saturation magnetization,124,1
saturation magnetization,20.1,1
saturation magnetization,3.1,1
saturation magnetization,7.9,1
saturation magnetization,3.4,1
saturation magnetization,12.4,1
saturation magnetization,29,1
saturation magnetization,2.6*10^(-3),1
saturation magnetization,7.8*10^(-3),1
saturation magnetization,16.5*10^(-3),1
saturation magnetization,164,1
saturation magnetization,153,1
saturation magnetization,24.4,1
saturation magnetization,31.25,1
saturation magnetization,37.75,1
saturation magnetization,44.96,1
saturation magnetization,156,1
saturation magnetization,157,1
saturation magnetization,70.53,1
saturation magnetization,48.12,1
saturation magnetization,17.02,1
saturation magnetization,12.21,1
saturation magnetization,34.64,1
saturation magnetization,7.62,1
saturation magnetization,30.79,1
saturation magnetization,34.31,1
saturation magnetization,66.49,1
saturation magnetization,85.41,1
saturation magnetization,94.99,1
saturation magnetization,90.71,1
saturation magnetization,0.0666,1
saturation magnetization,0.8018,1
saturation magnetization,0.3586,1
saturation magnetization,0.1177,1
saturation magnetization,96.4,1
saturation magnetization,134.8,1
saturation magnetization,84.3,1
saturation magnetization,64.7,1
saturation magnetization,101.9,1
saturation magnetization,55.8,1
saturation magnetization,51.7,1
saturation magnetization,54.021,1
saturation magnetization,45.61,1
saturation magnetization,37.902,1
saturation magnetization,68.601,1
saturation magnetization,30.093,1
saturation magnetization,82,1
saturation magnetization,0.132,1
saturation magnetization,53.4,1
saturation magnetization,48.2,1
saturation magnetization,51.8,1
saturation magnetization,25.7,1
saturation magnetization,66.6,1
saturation magnetization,64.6,1
saturation magnetization,71.4,1
saturation magnetization,90.4,1
saturation magnetization,85.6,1
saturation magnetization,35.1,1
saturation magnetization,34.45,1
saturation magnetization,39.6,1
saturation magnetization,34.06,1
saturation magnetization,8.12,1
saturation magnetization,14.21,1
saturation magnetization,11300,1
saturation magnetization,10700,1
saturation magnetization,9600,1
saturation magnetization,6400,1
saturation magnetization,12000,1
saturation magnetization,7900,1
saturation magnetization,3700,1
saturation magnetization,18.2,1
saturation magnetization,46.7,1
saturation magnetization,0.21,1
saturation magnetization,0.77,1
saturation magnetization,1.67,1
saturation magnetization,9.56,1
saturation magnetization,12.01,1
saturation magnetization,73.6,1
saturation magnetization,68.9,1
saturation magnetization,82.88,1
saturation magnetization,90.23,1
saturation magnetization,104.14,1
saturation magnetization,0.5,1
saturation magnetization,36.9,1
saturation magnetization,70.11,1
saturation magnetization,77.05,1
saturation magnetization,73.19,1
saturation magnetization,79.26,1
saturation magnetization,55.23,1
saturation magnetization,33.59,1
saturation magnetization,37.15,1
saturation magnetization,45.4,1
saturation magnetization,24,1
saturation magnetization,19.6,1
saturation magnetization,5.1,1
saturation magnetization,12.2,1
saturation magnetization,48.8,1
saturation magnetization,37.6,1
saturation magnetization,14.4,1
saturation magnetization,123.3,1
saturation magnetization,167.7,1
saturation magnetization,171.3,1
saturation magnetization,175.2,1
saturation magnetization,132.7,1
saturation magnetization,136.7,1
saturation magnetization,0.009,1
saturation magnetization,0.028,1
saturation magnetization,66.3,1
saturation magnetization,82.6,1
saturation magnetization,137,1
saturation magnetization,106,1
saturation magnetization,98,1
saturation magnetization,113,1
saturation magnetization,158,1
saturation magnetization,42.04,1
saturation magnetization,48.28,1
saturation magnetization,20.29,1
saturation magnetization,23.52,1
saturation magnetization,22.25,1
saturation magnetization,30.32,1
saturation magnetization,77.7,1
saturation magnetization,202.9,1
saturation magnetization,196.3,1
saturation magnetization,206.5,1
saturation magnetization,209.7,1
saturation magnetization,36.2,1
saturation magnetization,"48,2",1
saturation magnetization,48.6,1
saturation magnetization,71.2,1
saturation magnetization,13,1
saturation magnetization,50.9,1
saturation magnetization,34.2,1
saturation magnetization,28,1
saturation magnetization,51.4,1
saturation magnetization,52.2,1
saturation magnetization,50.5,1
saturation magnetization,75.9,1
saturation magnetization,92.8,1
saturation magnetization,65.9,1
saturation magnetization,41.4,1
saturation magnetization,"54,6",1
saturation magnetization,6.35,1
saturation magnetization,4.77,1
saturation magnetization,4.14,1
saturation magnetization,2.33,1
saturation magnetization,236.97,1
saturation magnetization,188.37,1
saturation magnetization,175.95,1
saturation magnetization,42.29,1
saturation magnetization,41.12,1
saturation magnetization,33.35,1
saturation magnetization,13.17,1
saturation magnetization,40.38,1
saturation magnetization,13.27,1
saturation magnetization,17.34,1
saturation magnetization,20.2,1
saturation magnetization,20.64,1
saturation magnetization,24.62,1
saturation magnetization,16.33,1
saturation magnetization,68.12,1
saturation magnetization,64.8,1
saturation magnetization,67.3,1
saturation magnetization,64.3,1
saturation magnetization,68.7,1
saturation magnetization,68.2,1
saturation magnetization,67.7,1
saturation magnetization,66.1,1
saturation magnetization,112.906,1
saturation magnetization,95.25,1
saturation magnetization,75.38,1
saturation magnetization,84.44,1
saturation magnetization,91.98,1
saturation magnetization,9.79,1
saturation magnetization,14.12,1
saturation magnetization,21.12,1
saturation magnetization,12.68,1
saturation magnetization,15.85,1
saturation magnetization,40.9,1
saturation magnetization,41.7,1
saturation magnetization,2.407,1
saturation magnetization,9.219,1
saturation magnetization,3.975,1
saturation magnetization,8.389,1
saturation magnetization,12.438,1
saturation magnetization,0.528,1
saturation magnetization,6.625,1
saturation magnetization,23.02,1
saturation magnetization,57.84,1
saturation magnetization,71.6,1
saturation magnetization,5.4273,1
saturation magnetization,33.7645,1
saturation magnetization,39.7011,1
saturation magnetization,23.6159,1
saturation magnetization,41.7012,1
saturation magnetization,77.3,1
saturation magnetization,75.39,1
saturation magnetization,64.35,1
saturation magnetization,60.39,1
saturation magnetization,55.58,1
saturation magnetization,51.21,1
saturation magnetization,70.09,1
saturation magnetization,46.876,1
saturation magnetization,43.918,1
saturation magnetization,46.171,1
saturation magnetization,49.995,1
saturation magnetization,25.756,1
saturation magnetization,38.797,1
saturation magnetization,1.13,1
saturation magnetization,0.16,1
saturation magnetization,61.1,1
saturation magnetization,67.8,1
saturation magnetization,99,1
saturation magnetization,57.2,1
saturation magnetization,125.8,1
saturation magnetization,31.368,1
saturation magnetization,28.41,1
saturation magnetization,26.18,1
saturation magnetization,23.23,1
saturation magnetization,0.0095,1
saturation magnetization,0.0115,1
saturation magnetization,0.0112,1
saturation magnetization,0.0116,1
saturation magnetization,0.0094,1
saturation magnetization,0.0135,1
saturation magnetization,0.0129,1
saturation magnetization,0.0159,1
saturation magnetization,0.0259,1
saturation magnetization,10.527,1
saturation magnetization,0.09,1
saturation magnetization,0.88,1
saturation magnetization,2.2,1
saturation magnetization,1.64,1
saturation magnetization,1.44,1
saturation magnetization,4.98,1
saturation magnetization,0.13,1
saturation magnetization,0.11,1
saturation magnetization,0.02,1
saturation magnetization,17.89,1
saturation magnetization,23.62,1
saturation magnetization,19.22,1
saturation magnetization,77.68,1
saturation magnetization,22.85,1
saturation magnetization,16.91,1
saturation magnetization,19.85,1
saturation magnetization,29.22,1
saturation magnetization,18.41,1
saturation magnetization,49.6,1
saturation magnetization,16.479,1
saturation magnetization,0.3,1
saturation magnetization,1.28,1
saturation magnetization,0.178,1
saturation magnetization,0.151,1
saturation magnetization,24.45,1
saturation magnetization,0.674,1
saturation magnetization,0.867,1
saturation magnetization,0.627,1
saturation magnetization,75.2,1
saturation magnetization,0.685,1
saturation magnetization,45.5,1
saturation magnetization,0.3892,1
saturation magnetization,0.4789,1
saturation magnetization,1.936,1
saturation magnetization,0.4381,1
saturation magnetization,0.701,1
saturation magnetization,1.415,1
saturation magnetization,156.5,1
saturation magnetization,171.6,1
saturation magnetization,155.1,1
saturation magnetization,64.06,1
saturation magnetization,42.35,1
saturation magnetization,44.89,1
saturation magnetization,46.57,1
saturation magnetization,59.27,1
saturation magnetization,40.67,1
saturation magnetization,33.58,1
saturation magnetization,48.53,1
saturation magnetization,40,1
saturation magnetization,0.3056,1
saturation magnetization,0.2541,1
saturation magnetization,0.2172,1
saturation magnetization,39.54,1
saturation magnetization,35.11,1
saturation magnetization,33.57,1
saturation magnetization,62.85,1
saturation magnetization,0.675,1
saturation magnetization,0.58,1
saturation magnetization,1.296,1
saturation magnetization,0.226,1
saturation magnetization,2.71,1
saturation magnetization,2.87,1
saturation magnetization,2.76,1
saturation magnetization,74.1,1
saturation magnetization,16,1
saturation magnetization,46.3,1
saturation magnetization,70.64,1
saturation magnetization,77.36,1
saturation magnetization,57.83,1
saturation magnetization,50.18,1
saturation magnetization,45.96,1
saturation magnetization,53.78,1
saturation magnetization,83.4,1
saturation magnetization,84.5,1
saturation magnetization,84,1
saturation magnetization,63.85,1
saturation magnetization,27.79,1
saturation magnetization,3.83,1
saturation magnetization,80.68,1
saturation magnetization,4.58,1
saturation magnetization,14.5,1
saturation magnetization,37.52,1
saturation magnetization,50.52,1
saturation magnetization,83.1,1
saturation magnetization,17.6,1
saturation magnetization,159.1,1
saturation magnetization,208.3,1
saturation magnetization,172.3,1
saturation magnetization,88.1,1
saturation magnetization,94.8,1
saturation magnetization,49.9,1
saturation magnetization,38.3,1
saturation magnetization,4.2,1
saturation magnetization,34.9,1
saturation magnetization,24.6,1
saturation magnetization,39.4,1
saturation magnetization,33.1,1
saturation magnetization,19.25,1
saturation magnetization,17.84,1
saturation magnetization,16.23,1
saturation magnetization,12,1
saturation magnetization,15,1
saturation magnetization,65.33,1
saturation magnetization,43.89,1
saturation magnetization,33.46,1
saturation magnetization,5.85,1
saturation magnetization,9.62,1
saturation magnetization,10.3,1
saturation magnetization,7.5,1
saturation magnetization,5.5,1
saturation magnetization,4.8,1
saturation magnetization,32.9,1
saturation magnetization,29.1,1
saturation magnetization,24.2,1
saturation magnetization,7.3,1
saturation magnetization,30.91,1
saturation magnetization,18.49,1
saturation magnetization,21.06,1
saturation magnetization,23.85,1
saturation magnetization,23.7,1
saturation magnetization,53.7,1
saturation magnetization,57.9,1
saturation magnetization,23.8,1
saturation magnetization,16.9,1
saturation magnetization,18.7,1
saturation magnetization,68.16,1
saturation magnetization,65.26,1
saturation magnetization,60.28,1
saturation magnetization,59.16,1
saturation magnetization,15.4,1
saturation magnetization,0.813,1
saturation magnetization,2.435,1
saturation magnetization,3.57,1
saturation magnetization,2.06,1
saturation magnetization,3.53,1
saturation magnetization,7.66,1
saturation magnetization,0.463,1
saturation magnetization,0.396,1
saturation magnetization,0.762,1
saturation magnetization,0.49,1
saturation magnetization,14.774,1
saturation magnetization,6.9221,1
saturation magnetization,15.171,1
saturation magnetization,16.337,1
saturation magnetization,7.22,1
saturation magnetization,10.86,1
saturation magnetization,58.24,1
saturation magnetization,72.02,1
saturation magnetization,131,1
saturation magnetization,85.01,1
saturation magnetization,110,1
saturation magnetization,0.612,1
saturation magnetization,0.563,1
saturation magnetization,0.696,1
saturation magnetization,0.544,1
saturation magnetization,36.75,1
saturation magnetization,42.468,1
saturation magnetization,45.102,1
saturation magnetization,47.371,1
saturation magnetization,51.004,1
saturation magnetization,56.54,1
saturation magnetization,52.122,1
saturation magnetization,45.23,1
saturation magnetization,215.86,1
saturation magnetization,89.26,1
saturation magnetization,133.3,1
saturation magnetization,182.84,1
saturation magnetization,22.7,1
saturation magnetization,19.12,1
saturation magnetization,0.058,1
saturation magnetization,30.61,1
saturation magnetization,83,1
saturation magnetization,1.756,1
saturation magnetization,0.826,1
saturation magnetization,0.551,1
saturation magnetization,0.358,1
saturation magnetization,91.33,1
saturation magnetization,22.27,1
saturation magnetization,63.62,1
saturation magnetization,11.52,1
saturation magnetization,8.433,1
saturation magnetization,32.153,1
saturation magnetization,52.216,1
saturation magnetization,13.901,1
saturation magnetization,19.37,1
saturation magnetization,0.3902,1
saturation magnetization,0.1012,1
saturation magnetization,0.2474,1
saturation magnetization,4.52,1
saturation magnetization,11.95,1
saturation magnetization,16.93,1
saturation magnetization,1.75,1
saturation magnetization,7.69,1
saturation magnetization,0.068,1
saturation magnetization,0.137,1
saturation magnetization,0.141,1
saturation magnetization,0.334,1
saturation magnetization,17.7,1
saturation magnetization,30,1
saturation magnetization,41,1
saturation magnetization,42.7,1
saturation magnetization,34.5,1
saturation magnetization,38.1,1
saturation magnetization,0.730x10^(-3),1
saturation magnetization,1.117x10^(-3),1
saturation magnetization,1.607x10^(-3),1
saturation magnetization,11.4,1
saturation magnetization,11.8,1
saturation magnetization,"20,8",1
saturation magnetization,14.6,1
saturation magnetization,86.5,1
saturation magnetization,95.79,1
saturation magnetization,122.5,1
saturation magnetization,62.4494,1
saturation magnetization,63.6366,1
saturation magnetization,56.9404,1
saturation magnetization,57.46,1
saturation magnetization,52.36,1
saturation magnetization,45.14,1
saturation magnetization,59.21,1
sintering temperature,-,18
sintering temperature,830,1
sintering temperature,840,1
sintering temperature,780,1
sintering temperature,805,1
sintering temperature,770,1
sintering temperature,1223K,1
synthesis,arc-melting and Bridgman method,1
